"index","Title","URL"
3,"Upper Mesa Falls","https://www.google.com/maps/place/Upper+Mesa+Falls/data=!4m2!3m1!1s0x53517d4dde1ab2c7:0x23c2a40f5ee1a694"
4,"L' Bacaro de' Bischeri","https://www.google.com/maps/place/L'+Bacaro+de'+Bischeri/data=!4m2!3m1!1s0x477eb1ddb83ec9d9:0x2d1ac237b880dabf"
5,"Uruapan Taco","https://www.google.com/maps/place/Uruapan+Taco/data=!4m2!3m1!1s0x80c2cb9b3795d93b:0x5aae7d62035c55bd"
6,"Il Santo Bevitore","https://www.google.com/maps/place/Il+Santo+Bevitore/data=!4m2!3m1!1s0x132a56ab5714d359:0xd0183c03de161b3b"
7,"I' Girone De' Ghiotti","https://www.google.com/maps/place/I'+Girone+De'+Ghiotti/data=!4m2!3m1!1s0x132a54010f7dcbc1:0xc93c0d1bebce9db4"
8,"Royal Palace of Caserta","https://www.google.com/maps/place/Royal+Palace+of+Caserta/data=!4m2!3m1!1s0x133a55b22aed1333:0xc79c020a24847245"
9,"Philomena's Pizza","https://www.google.com/maps/place/Philomena's+Pizza/data=!4m2!3m1!1s0x89c25f55cf7a74bd:0xaa79bdb59ff36960"
10,"F&F Pizzeria","https://www.google.com/maps/place/F%26F+Pizzeria/data=!4m2!3m1!1s0x89c25b3ab3b17d3b:0xb2095aabdfe0bf56"
11,"Camphor","https://www.google.com/maps/place/Camphor/data=!4m2!3m1!1s0x80c2c76c7e656d35:0xedbfe078ba7b3ac7"
12,"Soča","https://www.google.com/maps/place/So%C4%8Da/data=!4m2!3m1!1s0x477baa0061f316c3:0x163bee60453a3a0e"
13,"Chatuchak Weekend Market","https://www.google.com/maps/place/Chatuchak+Weekend+Market/data=!4m2!3m1!1s0x30e29c14e883f8dd:0x91f191d784b87d4b"
14,"Family Thaifood & Seafood","https://www.google.com/maps/place/Family+Thaifood+%26+Seafood/data=!4m2!3m1!1s0x3051c00f4f139b89:0xa090c94e2830d67f"
15,"RuenMai Restaurant","https://www.google.com/maps/place/RuenMai+Restaurant/data=!4m2!3m1!1s0x3051945310f042e5:0xfacf0a8c23823be"
16,"Pa-Noi Thai Food","https://www.google.com/maps/place/Pa-Noi+Thai+Food/data=!4m2!3m1!1s0x3051dee0395c861d:0xc52016d7280e19f7"
17,"R-HAAN","https://www.google.com/maps/place/R-HAAN/data=!4m2!3m1!1s0x30e29fab5a8cd9f9:0x1d16d2b8c5533110"
18,"Raan Jay Fai","https://www.google.com/maps/place/Raan+Jay+Fai/data=!4m2!3m1!1s0x30e29916f7bc1a6b:0xd7abaa5b13a1d242"
19,"Sam Lor","https://www.google.com/maps/place/Sam+Lor/data=!4m2!3m1!1s0x30e29949a21c764f:0x5244a59b041fbee"
20,"Saneh Jaan","https://www.google.com/maps/place/Saneh+Jaan/data=!4m2!3m1!1s0x30e29ed8ce3d6251:0xaa59932c8c873865"
21,"nahm","https://www.google.com/maps/place/nahm/data=!4m2!3m1!1s0x30e29f2fd8e6421d:0x3e3415d4024e98fa"
22,"Samrub Samrub Thai","https://www.google.com/maps/place/Samrub+Samrub+Thai/data=!4m2!3m1!1s0x30e299b910dfeb3f:0x85b25e6da0e9551a"
23,"80/20 Eighty Twenty","https://www.google.com/maps/place/80%2F20+Eighty+Twenty/data=!4m2!3m1!1s0x30e29910ab5387cf:0x73fd412d73b35383"
24,"Aksorn","https://www.google.com/maps/place/Aksorn/data=!4m2!3m1!1s0x30e2996bd1ab1511:0x519ff926a421da5e"
25,"Halal Food Thai MALAYSIA Restoran","https://www.google.com/maps/place/Halal+Food+Thai+MALAYSIA+Restoran/data=!4m2!3m1!1s0x304e03226e9289a5:0x6e1cc9a808c25978"
26,"Krua Porn La Mai","https://www.google.com/maps/place/Krua+Porn+La+Mai/data=!4m2!3m1!1s0x30e299222ff326b1:0xa2b9d4ee05cd95ed"
27,"Train Night Market Srinakarin","https://www.google.com/maps/place/Train+Night+Market+Srinakarin/data=!4m2!3m1!1s0x311d60702ccc800d:0xbcf75e2906d1c09b"
28,"Chinatown Bangkok","https://www.google.com/maps/place/Chinatown+Bangkok/data=!4m2!3m1!1s0x30e2999370ced7ad:0x5857f80ee7e16ad4"
29,"New Earth Phangan","https://www.google.com/maps/place/New+Earth+Phangan/data=!4m2!3m1!1s0x3054f11775bd36a7:0x823bd503dcb64f00"
30,"El Hidalguense","https://www.google.com/maps/place/El+Hidalguense/data=!4m2!3m1!1s0x85d1ff3fb5f29f85:0x4ec548bcd9fbf45"
31,"Restaurante Taquería Los Cocuyos Cdmx","https://www.google.com/maps/place/Restaurante+Taquer%C3%ADa+Los+Cocuyos+Cdmx/data=!4m2!3m1!1s0x85d1fed374995bb3:0xc300b131092e11ef"
32,"Taquería Selene","https://www.google.com/maps/place/Taquer%C3%ADa+Selene/data=!4m2!3m1!1s0x85d1ff4dbe229c09:0x2047f1aa2eb6b93e"
33,"Los Sirenos Mariscos","https://www.google.com/maps/place/Los+Sirenos+Mariscos/data=!4m2!3m1!1s0x85d1fbc09df27b6d:0x29fe314934af93d"
34,"Tacos Los Alexis","https://www.google.com/maps/place/Tacos+Los+Alexis/data=!4m2!3m1!1s0x85d1ffdfb095bcc7:0xda8840fc867a1749"
35,"Maizajo","https://www.google.com/maps/place/Maizajo/data=!4m2!3m1!1s0x85d1f8662726bc5d:0xd437703208a9d19a"
36,"Castacán","https://www.google.com/maps/place/Castac%C3%A1n/data=!4m2!3m1!1s0x85d1ffe455fe5163:0xef73e31f17baebfd"
37,"Tacos Hola El Güero","https://www.google.com/maps/place/Tacos+Hola+El+G%C3%BCero/data=!4m2!3m1!1s0x85d1ff410c04e265:0x3a4d191d1fd40fa5"
38,"Quesadillas de doña Juanita","https://www.google.com/maps/place/Quesadillas+de+do%C3%B1a+Juanita/data=!4m2!3m1!1s0x85d1ff9beaa4ce23:0x53ab3c9a34194c8b"
39,"Somewhere Else Restaurant: Beach Volley Ball Court","https://www.google.com/maps/place/Somewhere+Else+Restaurant:+Beach+Volley+Ball+Court/data=!4m2!3m1!1s0x304e030d11a4e151:0x5a0b09311cf15dac"
40,"Beach Volleyball Court","https://www.google.com/maps/place/Beach+Volleyball+Court/data=!4m2!3m1!1s0x79540efd75a30c19:0x9bcbc6172f345b27"
41,"Bestia","https://www.google.com/maps/place/Bestia/data=!4m2!3m1!1s0x80c2c621d7d91b49:0x5e3e80cfbddfba70"
42,"Taqueria Frontera","https://www.google.com/maps/place/Taqueria+Frontera/data=!4m2!3m1!1s0x80c2c7001825ecab:0x9cf4a1f3a89c707e"
43,"Mercado del Barranco","https://www.google.com/maps/place/Mercado+del+Barranco/data=!4m2!3m1!1s0xd126c130488923d:0x28e98623b929aaaa"
44,"Islamorada - Tapas Restaurant Sevilla","https://www.google.com/maps/place/Islamorada+-+Tapas+Restaurant+Sevilla/data=!4m2!3m1!1s0xd126d2c6d0348bb:0xa1a3cc687c3e0a65"
45,"92F6+WJQ","https://www.google.com/maps/place/92F6%2BWJQ/data=!4m2!3m1!1s0xd126c1114be6291:0x99aa78b4905315aa"
46,"Papa Juan’s Baja Grill","https://www.google.com/maps/place/Papa+Juan%E2%80%99s+Baja+Grill/data=!4m2!3m1!1s0x80c291caa3021c57:0x3fe8ba6c7e3c19d1"
47,"Tigres Fuego","https://www.google.com/maps/place/Tigres+Fuego/data=!4m2!3m1!1s0x80dd4b8abc996f27:0xcf66162a9ba6cb4f"
48,"Coni’Seafood","https://www.google.com/maps/place/Coni%E2%80%99Seafood/data=!4m2!3m1!1s0x80c2b67a9c791e17:0x319cdb3e9e85e524"
50,"Tacos Tumbras a Tomas","https://www.google.com/maps/place/Tacos+Tumbras+a+Tomas/data=!4m2!3m1!1s0x80c2c64b93987fa9:0xe42e2b7d02957dfb"
51,"Simōn","https://www.google.com/maps/place/Sim%C5%8Dn/data=!4m2!3m1!1s0x80c2c7b740564dc7:0x4e5e8b46e0b2e0cb"
52,"Roast To Go","https://www.google.com/maps/place/Roast+To+Go/data=!4m2!3m1!1s0x80c2c64b93987fa9:0x54253f8a7ce61cfe"
53,"My 2 Cents LA","https://www.google.com/maps/place/My+2+Cents+LA/data=!4m2!3m1!1s0x80c2b9102499c36b:0x82756ea2fe8a506e"
54,"La Tostaderia","https://www.google.com/maps/place/La+Tostaderia/data=!4m2!3m1!1s0x80c2c64b8fc74f19:0xd567c73dfb11c1c9"
55,"La Flor De Yucatan Bakery","https://www.google.com/maps/place/La+Flor+De+Yucatan+Bakery/data=!4m2!3m1!1s0x80c2c793c5b671b1:0x2b4a157270528f21"
56,"Chase Bank","https://www.google.com/maps/place/Chase+Bank/data=!4m2!3m1!1s0x80dc0074173988c1:0x6d926a507d09a98d"
57,"Ai Tre Scalini","https://www.google.com/maps/place/Ai+Tre+Scalini/data=!4m2!3m1!1s0x132f61b1f28164a5:0x6c07d4be71469a8d"
58,"La Montecarlo","https://www.google.com/maps/place/La+Montecarlo/data=!4m2!3m1!1s0x132f60450c2efe91:0xc75a9fe6c6f4c898"
59,"Maccheroni","https://www.google.com/maps/place/Maccheroni/data=!4m2!3m1!1s0x132f619b65985711:0xdab4b7b8cd26a73e"
60,"L' Angolo di Napoli","https://www.google.com/maps/place/L'+Angolo+di+Napoli/data=!4m2!3m1!1s0x132f61a579023b13:0xdef01c677ee6dba8"
61,"La Taverna dei Fori Imperiali","https://www.google.com/maps/place/La+Taverna+dei+Fori+Imperiali/data=!4m2!3m1!1s0x132f61b3dccedc5d:0x6fa9e10e76f3dcb5"
62,"Ai Marmi","https://www.google.com/maps/place/Ai+Marmi/data=!4m2!3m1!1s0x132f6048223d6be3:0xa9a7bba56f2c8663"
63,"Fatamorgana","https://www.google.com/maps/place/Fatamorgana/data=!4m2!3m1!1s0x132f603975d55691:0x195ac7d1181ff02f"
64,"Uncle John's Cafe","https://www.google.com/maps/place/Uncle+John's+Cafe/data=!4m2!3m1!1s0x80c2c7b674d67d65:0x2792e6244718045e"
65,"Cafe De Mama","https://www.google.com/maps/place/Cafe+De+Mama/data=!4m2!3m1!1s0x80c2b9506215aeab:0xf6fe0f900a73fd73"
66,"Los Cinco Puntos","https://www.google.com/maps/place/Los+Cinco+Puntos/data=!4m2!3m1!1s0x80c2c5f7e8b5a1cf:0x377eba027eafdb27"
67,"Little Sister Downtown","https://www.google.com/maps/place/Little+Sister+Downtown/data=!4m2!3m1!1s0x80c2c7b453c50f7b:0xf6860a1aeb1c11ad"
68,"Wurstküche Restaurant","https://www.google.com/maps/place/Wurstk%C3%BCche+Restaurant/data=!4m2!3m1!1s0x80c2c63938f382ff:0x7415d27e30dd5bcd"
69,"Myung In Dumplings","https://www.google.com/maps/place/Myung+In+Dumplings/data=!4m2!3m1!1s0x80c2b87e20c25831:0x77bd19ae0a0e678e"
70,"Yangban Society","https://www.google.com/maps/place/Yangban+Society/data=!4m2!3m1!1s0x80c2c7bfa73bfbe1:0x7d4a189944c32445"
71,"Sup Noodle Bar - Buena Park","https://www.google.com/maps/place/Sup+Noodle+Bar+-+Buena+Park/data=!4m2!3m1!1s0x80dd2b0b3e74f211:0xbe5c52354a866be2"
72,"The Ecology Center","https://www.google.com/maps/place/The+Ecology+Center/data=!4m2!3m1!1s0x80dcf1c0ad39e5d7:0x7db6ebb08b5369b9"
73,"Two Hommés","https://www.google.com/maps/place/Two+Homm%C3%A9s/data=!4m2!3m1!1s0x80c2b1fcf0ae6813:0x64a9d7eca9a01bd3"
74,"Pop Pie Co. Costa Mesa","https://www.google.com/maps/place/Pop+Pie+Co.+Costa+Mesa/data=!4m2!3m1!1s0x80dcdf7b3c4a4435:0xca4dcc30e423e3ae"
75,"Tamales Elena","https://www.google.com/maps/place/Tamales+Elena/data=!4m2!3m1!1s0x80c2cbc53a72981b:0x4ca8abee6ba28553"
76,"Pho Akaushi","https://www.google.com/maps/place/Pho+Akaushi/data=!4m2!3m1!1s0x80dd27ec613169db:0x7fa0b98ed4e55440"
77,"Melba's Poboys","https://www.google.com/maps/place/Melba's+Poboys/data=!4m2!3m1!1s0x8620a61fef253dd7:0x9be359a395c85a98"
78,"Los originales Tacos Arabes De Puebla","https://www.google.com/maps/place/Los+originales+Tacos+Arabes+De+Puebla/data=!4m2!3m1!1s0x80c2cf4a05a8f1d5:0x1b34aff60b5df5b"
79,"Earle's On Crenshaw","https://www.google.com/maps/place/Earle's+On+Crenshaw/data=!4m2!3m1!1s0x80c2b8377f993a7f:0x3660feadabb8b09e"
80,"Sandbar Cantina","https://www.google.com/maps/place/Sandbar+Cantina/data=!4m2!3m1!1s0x864e98c1dee8e34f:0xa0577cbfe7252b43"
81,"Colonia Publica","https://www.google.com/maps/place/Colonia+Publica/data=!4m2!3m1!1s0x80c2d3ebdf20dbeb:0x646e74dc7aaa2a83"
82,"Café Kaila","https://www.google.com/maps/place/Caf%C3%A9+Kaila/data=!4m2!3m1!1s0x7c006d84a65b2a91:0xbf11cac5b9ec0cd6"
83,"Azuma Japanese Restaurant","https://www.google.com/maps/place/Azuma+Japanese+Restaurant/data=!4m2!3m1!1s0x80c2b579ba70db99:0x79cec6a49b9b287"
84,"Osteria da Fortunata - Rinascimento","https://www.google.com/maps/place/Osteria+da+Fortunata+-+Rinascimento/data=!4m2!3m1!1s0x132f614c69ed10df:0xc987d563139a8649"
86,"Rue Drevet Stairs","https://www.google.com/maps/place/Rue+Drevet+Stairs/data=!4m2!3m1!1s0x47e66f9e592b0279:0xde1a7bb252ee4023"
87,"7th Street Burger Lower East Side","https://www.google.com/maps/place/7th+Street+Burger+Lower+East+Side/data=!4m2!3m1!1s0x89c25971d2c72035:0xa30b4b4922ad4ab6"
88,"Gullfoss Falls","https://www.google.com/maps/place/Gullfoss+Falls/data=!4m2!3m1!1s0x48d6a574af45b6c9:0x2c6347db0b411601"
89,"Truffle Burger | Soho","https://www.google.com/maps/place/Truffle+Burger+%7C+Soho/data=!4m2!3m1!1s0x4876059100c87df5:0x404de0c814fca68c"
90,"The Kati Roll Company","https://www.google.com/maps/place/The+Kati+Roll+Company/data=!4m2!3m1!1s0x89c2599227e6cc1b:0xb4d5e12eaca2e69"
91,"Bungalow","https://www.google.com/maps/place/Bungalow/data=!4m2!3m1!1s0x89c2590044e143c5:0x5d377f3ad3b83659"
92,"Kossar's Bagels & Bialys","https://www.google.com/maps/place/Kossar's+Bagels+%26+Bialys/data=!4m2!3m1!1s0x89c259663529b5a7:0x53b097d44e33737e"
93,"Ditroit Taqueria","https://www.google.com/maps/place/Ditroit+Taqueria/data=!4m2!3m1!1s0x80c2c78944329bed:0x8d82d8dcd8a4e21d"
94,"Cielito Lindo","https://www.google.com/maps/place/Cielito+Lindo/data=!4m2!3m1!1s0x80c2c644e77fb3f7:0xa16b6aee8087c200"
95,"Chuy's Tacos Dorados","https://www.google.com/maps/place/Chuy's+Tacos+Dorados/data=!4m2!3m1!1s0x80c2c622c545fe8f:0xfa7cb7ecc55b99f0"
96,"Cárnitas Los Gabrieles","https://www.google.com/maps/place/C%C3%A1rnitas+Los+Gabrieles/data=!4m2!3m1!1s0x80c2c710c51a5cb9:0xdf1b7048b4b73966"
97,"Bar Amá","https://www.google.com/maps/place/Bar+Am%C3%A1/data=!4m2!3m1!1s0x80c2c64a30bef53d:0xfab8c3b719a965a5"
98,"X'tiosu Kitchen","https://www.google.com/maps/place/X'tiosu+Kitchen/data=!4m2!3m1!1s0x80c2c5e4ed716a19:0x94fda53d78522067"
99,"Santa Rita Jalisco Taco Truck","https://www.google.com/maps/place/Santa+Rita+Jalisco+Taco+Truck/data=!4m2!3m1!1s0x80c2cf676969e66f:0x8189f1cc0c292355"
100,"Tacos el toro (al vapor)","https://www.google.com/maps/place/Tacos+el+toro+(al+vapor)/data=!4m2!3m1!1s0x80c2cf22544d03d1:0x62664efb67ded6ad"
101,"Tacos Don Cuco","https://www.google.com/maps/place/Tacos+Don+Cuco/data=!4m2!3m1!1s0x80c2cf07267cba07:0x3213c5ee9806d249"
102,"Tacos De Canasta El abuelo","https://www.google.com/maps/place/Tacos+De+Canasta+El+abuelo/data=!4m2!3m1!1s0x80c2c8bbaaaaaaab:0x3c43d3a8f579b493"
103,"Tacos Baja","https://www.google.com/maps/place/Tacos+Baja/data=!4m2!3m1!1s0x80c2cfa66934a4b9:0xcf1328b02baa82"
104,"Tacos Al Vapor El Canelo","https://www.google.com/maps/place/Tacos+Al+Vapor+El+Canelo/data=!4m2!3m1!1s0x80c2cfb5b7c4621f:0xef047bc5e44be950"
105,"Sergio's Tacos","https://www.google.com/maps/place/Sergio's+Tacos/data=!4m2!3m1!1s0x80c2cefe20ceb091:0xcced620ed3170e61"
106,"Santa Cecilia Restaurant","https://www.google.com/maps/place/Santa+Cecilia+Restaurant/data=!4m2!3m1!1s0x80c2c611920ca5c5:0x8795401ec19a475f"
107,"El Camaron Pelado","https://www.google.com/maps/place/El+Camaron+Pelado/data=!4m2!3m1!1s0x80c2c6865eb36621:0xb00dc26e413292d6"
108,"Mariscos 4 Vientos","https://www.google.com/maps/place/Mariscos+4+Vientos/data=!4m2!3m1!1s0x80c2c8b107ba534f:0x26139bf0de9bcfec"
109,"LOS GARDUÑOS BARBACOA","https://www.google.com/maps/place/LOS+GARDU%C3%91OS+BARBACOA/data=!4m2!3m1!1s0x80c2c70cc187dffd:0xdc209afa3f9682d0"
110,"Los Dorados LA","https://www.google.com/maps/place/Los+Dorados+LA/data=!4m2!3m1!1s0x80c2c57622c89017:0x509151fc50e21f4f"
111,"Carnitas Los Dos Chingones","https://www.google.com/maps/place/Carnitas+Los+Dos+Chingones/data=!4m2!3m1!1s0x80c2c97b98339bc9:0xaa7d8d170b7203c4"
112,"Evil Cooks","https://www.google.com/maps/place/Evil+Cooks/data=!4m2!3m1!1s0x80c2c5d49b17139f:0x1a2f660c63b11058"
113,"El Jaliscience","https://www.google.com/maps/place/El+Jaliscience/data=!4m2!3m1!1s0x80c2cc2baaa5f6ed:0xa6b674c24bd1c819"
114,"Asadero Chikali","https://www.google.com/maps/place/Asadero+Chikali/data=!4m2!3m1!1s0x80c2cf9de09aa941:0x110db178f0834bd6"
115,"Villa's Tacos Grand Central Market","https://www.google.com/maps/place/Villa's+Tacos+Grand+Central+Market/data=!4m2!3m1!1s0x80c2c70011d94a9f:0x96b32746895702bb"
116,"Mariscos El Faro","https://www.google.com/maps/place/Mariscos+El+Faro/data=!4m2!3m1!1s0x80c2c40d8e807cdb:0xee8579981dc9983f"
117,"El Atacor","https://www.google.com/maps/place/El+Atacor/data=!4m2!3m1!1s0x80c2d2721a444a93:0x571b93e66dbef895"
118,"Taco Nazo","https://www.google.com/maps/place/Taco+Nazo/data=!4m2!3m1!1s0x80c2d085e28cbba9:0x8abfa75fe02fde97"
119,"Saucy Chick Goat Mafia","https://www.google.com/maps/place/Saucy+Chick+Goat+Mafia/data=!4m2!3m1!1s0x80c2c508fe23f603:0xb53290492d2d8b6b"
120,"Playa del Carmen Restaurant","https://www.google.com/maps/place/Playa+del+Carmen+Restaurant/data=!4m2!3m1!1s0x80c2c39e72c79ddf:0xd8cb08d32114f304"
121,"Arturo's TacoTruck","https://www.google.com/maps/place/Arturo's+TacoTruck/data=!4m2!3m1!1s0x80c2c37b7514ee77:0x8f12d1e060e89611"
122,"Arturo's Puffy Taco","https://www.google.com/maps/place/Arturo's+Puffy+Taco/data=!4m2!3m1!1s0x80c2d4c9dd47374d:0x22ccba7be6b3491b"
123,"Taqueria Mi Ranchito","https://www.google.com/maps/place/Taqueria+Mi+Ranchito/data=!4m2!3m1!1s0x80c28e2c66d21997:0x35b63b397167e591"
124,"Tacos El Vampiro","https://www.google.com/maps/place/Tacos+El+Vampiro/data=!4m2!3m1!1s0x80c2902bab280489:0x5522a4fbf2196d43"
126,"Angel’s Tijuana Tacos","https://www.google.com/maps/place/Angel%E2%80%99s+Tijuana+Tacos/data=!4m2!3m1!1s0x80c29b7759949f3d:0xc62bf6143050d0c2"
127,"King Taco","https://www.google.com/maps/place/King+Taco/data=!4m2!3m1!1s0x80c2c371deb90c39:0xc67c72c5b7386f64"
128,"Cabo da Roca","https://www.google.com/maps/place/Cabo+da+Roca/data=!4m2!3m1!1s0xd1edac0235d438d:0x953ad8a898fcb3af"
129,"鵠沼海岸","https://www.google.com/maps/place/%E9%B5%A0%E6%B2%BC%E6%B5%B7%E5%B2%B8/data=!4m2!3m1!1s0x60184f9a91802577:0xbd358b8d631203e0"
130,"Taquería El Califa de León","https://www.google.com/maps/place/Taquer%C3%ADa+El+Califa+de+Le%C3%B3n/data=!4m2!3m1!1s0x85d1f8cfab01d80d:0x913045c236575e79"
131,"Kravica Waterfall","https://www.google.com/maps/place/Kravica+Waterfall/data=!4m2!3m1!1s0x134b0dbd11aad181:0xf6bd890e2045e895"
132,"Tailuge Xia","https://www.google.com/maps/place/Tailuge+Xia/data=!4m2!3m1!1s0x3468836f0cf3867b:0x5b536e1ec64c6dc1"
133,"Raohe Street Night Market","https://www.google.com/maps/place/Raohe+Street+Night+Market/data=!4m2!3m1!1s0x3442ab9c0db4a583:0x3da21183815df6f6"
134,"Fuzhou Ancestor Pepper Pie","https://www.google.com/maps/place/Fuzhou+Ancestor+Pepper+Pie/data=!4m2!3m1!1s0x3442ab9bf6540ee7:0xf6153ef7f8c50824"
135,"Smoothie House","https://www.google.com/maps/place/Smoothie+House/data=!4m2!3m1!1s0x3442a98248480381:0x3d73a36c99133097"
136,"Tian Jin Onion Pancake","https://www.google.com/maps/place/Tian+Jin+Onion+Pancake/data=!4m2!3m1!1s0x3442a98585673043:0xe9aa78fb08f95aed"
138,"Pildong Myeonok","https://www.google.com/maps/place/Pildong+Myeonok/data=!4m2!3m1!1s0x357ca39ddc71cbcd:0x814a72540d78a6f1"
139,"Yeollin Songhyeon Square","https://www.google.com/maps/place/Yeollin+Songhyeon+Square/data=!4m2!3m1!1s0x357ca32cf165f6bd:0xd6c9a90cb1aadc35"
140,"Namdaemun Market","https://www.google.com/maps/place/Namdaemun+Market/data=!4m2!3m1!1s0x357ca2f516e5887d:0xcd371b16a3ec2061"
141,"Shinsegae Department Store Main Store","https://www.google.com/maps/place/Shinsegae+Department+Store+Main+Store/data=!4m2!3m1!1s0x357ca2f1587c7819:0xd74d3707fbcde464"
142,"Ttukseom Hangang Park","https://www.google.com/maps/place/Ttukseom+Hangang+Park/data=!4m2!3m1!1s0x357ca57eccc96a27:0x89367b6700b91513"
143,"Myeongdong Street","https://www.google.com/maps/place/Myeongdong+Street/data=!4m2!3m1!1s0x357ca2f1c7af3d5f:0x50d5593269776722"
144,"Garosu-gil","https://www.google.com/maps/place/Garosu-gil/data=!4m2!3m1!1s0x357ca3d126133031:0x5d8d2af0a60327df"
145,"Wimbledon Park Beach Volleyball","https://www.google.com/maps/place/Wimbledon+Park+Beach+Volleyball/data=!4m2!3m1!1s0x48760f4ec0f097bf:0xe68cbc4ad0cf5c88"
146,"Wimbledon Park","https://www.google.com/maps/place/Wimbledon+Park/data=!4m2!3m1!1s0x48760f48fb2e7659:0x8c7560c826a09c5a"
147,"Itaewon Market","https://www.google.com/maps/place/Itaewon+Market/data=!4m2!3m1!1s0x357ca2ed7fa0f2fb:0xc02eaad789060a06"
148,"Beach Volleyball Court","https://www.google.com/maps/place/Beach+Volleyball+Court/data=!4m2!3m1!1s0x357ca5d8e554d2b5:0x12fca09c3dcddf9"
149,"Tōji Temple","https://www.google.com/maps/place/T%C5%8Dji+Temple/data=!4m2!3m1!1s0x6001060485fbaa4d:0xd3ee2dd9b0177910"
150,"Sushi Dokoro Shun Shinjuku Park Tower Ten","https://www.google.com/maps/place/Sushi+Dokoro+Shun+Shinjuku+Park+Tower+Ten/data=!4m2!3m1!1s0x6018f32d2c7f9779:0xf9139408721c2174"
151,"Coffee Elementary School","https://www.google.com/maps/place/Coffee+Elementary+School/data=!4m2!3m1!1s0x601889e58402f165:0xe3c5b82ee6210c38"
152,"Tsuta","https://www.google.com/maps/place/Tsuta/data=!4m2!3m1!1s0x60188d9855555555:0xdea04732d13039fc"
153,"Arashiyama","https://www.google.com/maps/place/Arashiyama/data=!4m2!3m1!1s0x6001075451efd3e3:0xabaad64f597b014c"
154,"Kurama Station","https://www.google.com/maps/place/Kurama+Station/data=!4m2!3m1!1s0x6001a66ae18766a9:0xbd117d7fe527f213"
155,"Dolan’s Uyghur Cuisine","https://www.google.com/maps/place/Dolan%E2%80%99s+Uyghur+Cuisine/data=!4m2!3m1!1s0x80c2c545b72b2851:0x94763ca31c5e9487"
156,"Angelini Osteria","https://www.google.com/maps/place/Angelini+Osteria/data=!4m2!3m1!1s0x80c2b929757c0d23:0x1fc9e1301ab75903"
157,"Nem Nướng Khánh Hoà","https://www.google.com/maps/place/Nem+N%C6%B0%E1%BB%9Bng+Kh%C3%A1nh+Ho%C3%A0/data=!4m2!3m1!1s0x80c2c513f00cfa2b:0xa67201f7c230dcbe"
158,"Moo's Craft Barbecue","https://www.google.com/maps/place/Moo's+Craft+Barbecue/data=!4m2!3m1!1s0x80c2cf0c5ae4fcdd:0xe6501d37c5c212b8"
159,"Surawon Tofu House","https://www.google.com/maps/place/Surawon+Tofu+House/data=!4m2!3m1!1s0x80c2c778986be973:0x3d909a2a64d66e7f"
160,"The Little Jewel of New Orleans","https://www.google.com/maps/place/The+Little+Jewel+of+New+Orleans/data=!4m2!3m1!1s0x80c2c65adf56b007:0x3029097586d1a8f8"
161,"Hangari Kalguksu","https://www.google.com/maps/place/Hangari+Kalguksu/data=!4m2!3m1!1s0x80c2b88234d199c7:0x1d5cc9184ed82800"
162,"Perilla LA","https://www.google.com/maps/place/Perilla+LA/data=!4m2!3m1!1s0x80c2b9b7a46e23b1:0x9bf64969a1b78380"
163,"Republique","https://www.google.com/maps/place/Republique/data=!4m2!3m1!1s0x80c2b8dfce39a0a9:0x9ab1e575a704621c"
164,"Oo Kook Korean BBQ","https://www.google.com/maps/place/Oo+Kook+Korean+BBQ/data=!4m2!3m1!1s0x80c2b8817bd39a39:0xbfe4f8b2f5877d94"
165,"Lupe's Hot Dog Stand","https://www.google.com/maps/place/Lupe's+Hot+Dog+Stand/data=!4m2!3m1!1s0x80c2cf712f02d295:0x3a2ee2cb8ad34652"
166,"Al & Bea's Mexican Food","https://www.google.com/maps/place/Al+%26+Bea's+Mexican+Food/data=!4m2!3m1!1s0x80c2c60f7a7b3c99:0x70db80871ba3b908"
167,"LASA","https://www.google.com/maps/place/LASA/data=!4m2!3m1!1s0x80c2c65a5fa77793:0x528753c7437c1001"
168,"Soban Restaurant","https://www.google.com/maps/place/Soban+Restaurant/data=!4m2!3m1!1s0x80c2b88c9bbe2b45:0x8f371e46e6ac9ab7"
169,"Third Window Brewing","https://www.google.com/maps/place/Third+Window+Brewing/data=!4m2!3m1!1s0x80e9138682f9d60f:0xf0256c62dd6040fb"
170,"Ichiran","https://www.google.com/maps/place/Ichiran/data=!4m2!3m1!1s0x89c259af1989db01:0xfff4c602a3069de6"
171,"Pijja Palace","https://www.google.com/maps/place/Pijja+Palace/data=!4m2!3m1!1s0x80c2c7863a790509:0x3c452c04f63eacb9"
172,"Sea Harbour Seafood Restaurant","https://www.google.com/maps/place/Sea+Harbour+Seafood+Restaurant/data=!4m2!3m1!1s0x80c2da8f651834fd:0x8aa158c3ced53a02"
173,"Kang Kang Food Court","https://www.google.com/maps/place/Kang+Kang+Food+Court/data=!4m2!3m1!1s0x80c2c537c04c1307:0x3fdf68bd8d187663"
174,"Pho Bình By Night","https://www.google.com/maps/place/Pho+B%C3%ACnh+By+Night/data=!4m2!3m1!1s0x8640dd0fdd1a9b5d:0x3dda7663bb04a738"
175,"L’industrie Pizzeria West Village","https://www.google.com/maps/place/L%E2%80%99industrie+Pizzeria+West+Village/data=!4m2!3m1!1s0x89c2599568ac63f7:0x78fb89ff91782eb0"
176,"Mama's TOO!","https://www.google.com/maps/place/Mama's+TOO!/data=!4m2!3m1!1s0x89c2f624dd2aefe7:0xb86f14140d256552"
177,"Jiang Nan Spring","https://www.google.com/maps/place/Jiang+Nan+Spring/data=!4m2!3m1!1s0x80c2c50c50be5877:0x3e6631f591f237e8"
178,"Tacos La Carreta","https://www.google.com/maps/place/Tacos+La+Carreta/data=!4m2!3m1!1s0x80dd33e1840fe083:0xb8e3d1f5bfb468be"
179,"Nok’s Kitchen","https://www.google.com/maps/place/Nok%E2%80%99s+Kitchen/data=!4m2!3m1!1s0x80dd27da32e1ec71:0x10250b0827c003e8"
180,"La Diosa de los Moles Spices","https://www.google.com/maps/place/La+Diosa+de+los+Moles+Spices/data=!4m2!3m1!1s0x80c2cd91d95fb8e7:0x84d84c272ed31022"
181,"Barsha","https://www.google.com/maps/place/Barsha/data=!4m2!3m1!1s0x80c2b5df7dbc4ded:0x6daad9f68526ee60"
182,"Bhookhe","https://www.google.com/maps/place/Bhookhe/data=!4m2!3m1!1s0x80dd2d38113ad7d9:0x881491b249944fbe"
183,"La Casita Mexicana","https://www.google.com/maps/place/La+Casita+Mexicana/data=!4m2!3m1!1s0x80c2cec86ccaebc5:0xdf6b9469330be38e"
184,"Kareem's Mediterranean - Anaheim","https://www.google.com/maps/place/Kareem's+Mediterranean+-+Anaheim/data=!4m2!3m1!1s0x80dd29b1cbf2d23f:0x4821eecd62972273"
185,"Golden Deli Restaurant","https://www.google.com/maps/place/Golden+Deli+Restaurant/data=!4m2!3m1!1s0x80c2db2ac87d1897:0xd50fbd33a3056663"
186,"TORIBRO Ramen","https://www.google.com/maps/place/TORIBRO+Ramen/data=!4m2!3m1!1s0x89c259734cf41d5d:0xb3e5a707ebe0181a"
187,"Big Art’s Breakfast Burritos","https://www.google.com/maps/place/Big+Art%E2%80%99s+Breakfast+Burritos/data=!4m2!3m1!1s0x80c29137a431eb79:0x5e5ca776fa4f8478"
188,"Raffi's Place","https://www.google.com/maps/place/Raffi's+Place/data=!4m2!3m1!1s0x80c2c0ffe618e84f:0xb4904f6dc49a8c74"
190,"Con mollica o senza - Donato","https://www.google.com/maps/place/Con+mollica+o+senza+-+Donato/data=!4m2!3m1!1s0x133b094e9c7de0f9:0xcb2366db7c623d94"
191,"Kajaszünet Falóka Hercegprímás","https://www.google.com/maps/place/Kajasz%C3%BCnet+Fal%C3%B3ka+Hercegpr%C3%ADm%C3%A1s/data=!4m2!3m1!1s0x4741ddaea2d97495:0x5a02373bb0640abd"
192,"Taqueria El Trompo Imperial","https://www.google.com/maps/place/Taqueria+El+Trompo+Imperial/data=!4m2!3m1!1s0x85d1ff3b9ed520c1:0xa8454ad241b6102d"
193,"Leonardo Hotel Vienna Otto-Wagner","https://www.google.com/maps/place/Leonardo+Hotel+Vienna+Otto-Wagner/data=!4m2!3m1!1s0x476da90188815d4d:0xe2c3dc365a4284eb"
194,"FlixBus Stop 3 - Prague Main Railway Station","https://www.google.com/maps/place/FlixBus+Stop+3+-+Prague+Main+Railway+Station/data=!4m2!3m1!1s0x470b95ca7efb75c1:0xb54efc7446bb43be"
195,"Giants Causeway","https://www.google.com/maps/place/Giants+Causeway/data=!4m2!3m1!1s0x4860292db380b00b:0xb62c8c955cb00404"
196,"Nightjar","https://www.google.com/maps/place/Nightjar/data=!4m2!3m1!1s0x48761ca5e14c933b:0xffe5bb4f98cd7af9"
197,"Saravana Bhavan","https://www.google.com/maps/place/Saravana+Bhavan/data=!4m2!3m1!1s0x487604cdfa8c05ef:0x9745e4f8e4018213"
198,"Spice Village Tooting Pakistani Restaurant","https://www.google.com/maps/place/Spice+Village+Tooting+Pakistani+Restaurant/data=!4m2!3m1!1s0x487605de67e339d5:0xfaa7d39b3b1d7dca"
199,"Lahore Karahi","https://www.google.com/maps/place/Lahore+Karahi/data=!4m2!3m1!1s0x48760727cb2c835f:0x5b904862ce929991"
200,"Prague Castle","https://www.google.com/maps/place/Prague+Castle/data=!4m2!3m1!1s0x470b951e6c24b7c3:0x2acf3c88af12259f"
201,"Dripstone Wall","https://www.google.com/maps/place/Dripstone+Wall/data=!4m2!3m1!1s0x470b94e1134851f9:0xe0f7baf733448024"
202,"Reduta Jazz Club","https://www.google.com/maps/place/Reduta+Jazz+Club/data=!4m2!3m1!1s0x470b94ee19ee2847:0x6e3849cc95e3c0a7"
203,"Bistro Deli & Bakery","https://www.google.com/maps/place/Bistro+Deli+%26+Bakery/data=!4m2!3m1!1s0x470b94f2d6360bc1:0x25ddb5b2c14af4e5"
204,"Bistro L'Olivier","https://www.google.com/maps/place/Bistro+L'Olivier/data=!4m2!3m1!1s0x470b93cac85551f9:0xa4eca18e1ccb1c3d"
206,"Maple Pass Lp","https://www.google.com/maps/place/Maple+Pass+Lp/data=!4m2!3m1!1s0x5484b276066646d7:0x6511447223f64db4"
207,"Gmoa Keller","https://www.google.com/maps/place/Gmoa+Keller/data=!4m2!3m1!1s0x476d077713a8f3f7:0xb50ca586c10d73ce"
208,"La Prosciutteria Bologna","https://www.google.com/maps/place/La+Prosciutteria+Bologna/data=!4m2!3m1!1s0x477fd4bdc4619cbd:0x2ad147e49c355d6b"
209,"Pizzeria Concettina ai Tre Santi","https://www.google.com/maps/place/Pizzeria+Concettina+ai+Tre+Santi/data=!4m2!3m1!1s0x133b0868cafaa137:0x14245d59d7689a6a"
210,"Mimì alla Ferrovia","https://www.google.com/maps/place/Mim%C3%AC+alla+Ferrovia/data=!4m2!3m1!1s0x133b081435ff85df:0xb632f1831c241ca3"
211,"3 roots mexican cocina","https://www.google.com/maps/place/3+roots+mexican+cocina/data=!4m2!3m1!1s0x80dcd95f01b139ff:0x1a3cf5b3080e39c7"
212,"Lupe’s","https://www.google.com/maps/place/Lupe%E2%80%99s/data=!4m2!3m1!1s0x80dcf1b20eb64d5d:0xab77f1c02149a48c"
213,"Schönbrunn Palace","https://www.google.com/maps/place/Sch%C3%B6nbrunn+Palace/data=!4m2!3m1!1s0x476da8091cc07cbf:0x4e69ba5de4ea8bc9"
216,"Lion Monument","https://www.google.com/maps/place/Lion+Monument/data=!4m2!3m1!1s0x478ffb9b5705eb8b:0x627afecb728fc384"
217,"Le CasseNoix","https://www.google.com/maps/place/Le+CasseNoix/data=!4m2!3m1!1s0x47e6701eea7d647b:0x5c3bf3392be77b00"
218,"Denninger Str. 120","https://www.google.com/maps/place/Denninger+Str.+120/data=!4m2!3m1!1s0x479e756c783871c1:0xff37ef011e963cc3"
219,"Hart Bageri Holmen","https://www.google.com/maps/place/Hart+Bageri+Holmen/data=!4m2!3m1!1s0x465253cca348bb6d:0xff9ebb5f16eb4a8e"
221,"Snoqualmie Falls","https://www.google.com/maps/place/Snoqualmie+Falls/data=!4m2!3m1!1s0x54907bd11b8d91c1:0xed0ab0625a0dad38"
222,"Woolsthorpe Manor House","https://www.google.com/maps/place/Woolsthorpe+Manor+House/data=!4m2!3m1!1s0x48782f17f5cc5fa7:0x23b2596d37082f28"
223,"Carcavelos beach","https://www.google.com/maps/place/Carcavelos+beach/data=!4m2!3m1!1s0xd1ec8c2dfdc70cd:0x5b1c934a3f472609"
224,"La Moraleja Club de Pádel","https://www.google.com/maps/place/La+Moraleja+Club+de+P%C3%A1del/data=!4m2!3m1!1s0xd422c5c53b9f49d:0x5483d1f9e30364f1"
225,"Cats Hostel Porto","https://www.google.com/maps/place/Cats+Hostel+Porto/data=!4m2!3m1!1s0xd2464e69e572e9f:0x14c24028b16cc08c"
226,"Seafood World","https://www.google.com/maps/place/Seafood+World/data=!4m2!3m1!1s0x80dd27bb158c8f81:0xb5d0fe8ba5c6ab1c"
227,"Gelateria dei Neri","https://www.google.com/maps/place/Gelateria+dei+Neri/data=!4m2!3m1!1s0x132a54074cd0d53b:0x4d9a35023cb28f32"
228,"Rivareno Gelato Brickell","https://www.google.com/maps/place/Rivareno+Gelato+Brickell/data=!4m2!3m1!1s0x88d9b7f02d235235:0x5bde400a8a7db3a3"
229,"Tizne Tacomotora (Roma)","https://www.google.com/maps/place/Tizne+Tacomotora+(Roma)/data=!4m2!3m1!1s0x85d1ff62a2996bbf:0xb9d2b1b309322da5"
230,"Beachvolleybane","https://www.google.com/maps/place/Beachvolleybane/data=!4m2!3m1!1s0x4652533bef158e09:0xfde88e12a07d688f"
231,"Estillo Tijuana Angels Tacos","https://www.google.com/maps/place/Estillo+Tijuana+Angels+Tacos/data=!4m2!3m1!1s0x80c2c70e13c8711d:0x1db8e8fa2f9473b7"
232,"Milkfarm","https://www.google.com/maps/place/Milkfarm/data=!4m2!3m1!1s0x80c2c1673a9f7b47:0x5727d8989e3623e2"
233,"Skaf's Lebanese Cuisine","https://www.google.com/maps/place/Skaf's+Lebanese+Cuisine/data=!4m2!3m1!1s0x80c2c109de0fed3f:0xf8affbd7cb44a68c"
234,"Eat Joy Food","https://www.google.com/maps/place/Eat+Joy+Food/data=!4m2!3m1!1s0x80c32bebd94e9b5d:0xfb519d572765becf"
235,"La Pupusa Urban Eatery","https://www.google.com/maps/place/La+Pupusa+Urban+Eatery/data=!4m2!3m1!1s0x80c2c794b7362701:0xbaae667b395fd6ed"
236,"Al Baraka Restaurant","https://www.google.com/maps/place/Al+Baraka+Restaurant/data=!4m2!3m1!1s0x80dd29942c2f2135:0x397e87db5ec91439"
237,"Dulan's Soul Food Kitchen","https://www.google.com/maps/place/Dulan's+Soul+Food+Kitchen/data=!4m2!3m1!1s0x80c2b703ce7bb3ef:0x4b95a12b13cfa59b"
238,"Ngự Bình Restaurant","https://www.google.com/maps/place/Ng%E1%BB%B1+B%C3%ACnh+Restaurant/data=!4m2!3m1!1s0x80dd262cd56de8e7:0xe6c06122712af76a"
239,"Sun Nong Dan","https://www.google.com/maps/place/Sun+Nong+Dan/data=!4m2!3m1!1s0x80c2dae061750613:0x97609395cc3a7324"
240,"Cento Pasta Bar","https://www.google.com/maps/place/Cento+Pasta+Bar/data=!4m2!3m1!1s0x80c2c635a23208fd:0x7140a29e41cf6e2c"
241,"Post & Beam","https://www.google.com/maps/place/Post+%26+Beam/data=!4m2!3m1!1s0x80c2b82e94840d1d:0x2861168de462f38a"
242,"Super Tortas D.F.","https://www.google.com/maps/place/Super+Tortas+D.F./data=!4m2!3m1!1s0x80c2c863c44e4407:0xf2c8f9f4aeb6ec5"
243,"New Capital Seafood Restaurant","https://www.google.com/maps/place/New+Capital+Seafood+Restaurant/data=!4m2!3m1!1s0x80c32a672e647779:0x56a0c428085cfb92"
244,"Thai & Laos Market Restaraunt","https://www.google.com/maps/place/Thai+%26+Laos+Market+Restaraunt/data=!4m2!3m1!1s0x80dd29f3d4ca548b:0x919ec48e41fe20eb"
245,"Taqueria Saucedo","https://www.google.com/maps/place/Taqueria+Saucedo/data=!4m2!3m1!1s0x80dcd7f19d18fef3:0xfcde7c7eb01e9fa9"
246,"Angel Oak Tree","https://www.google.com/maps/place/Angel+Oak+Tree/data=!4m2!3m1!1s0x88fe7fc67ad258a5:0xc2afb5846c29cdab"
247,"Petra","https://www.google.com/maps/place/Petra/data=!4m2!3m1!1s0x15016ef1703b6071:0x199bf908679a2291"
248,"Uppers Beach Park","https://www.google.com/maps/place/Uppers+Beach+Park/data=!4m2!3m1!1s0x7c00599f3c3cda3f:0xc8e7b4f316cba38b"
249,"Sacred Falls","https://www.google.com/maps/place/Sacred+Falls/data=!4m2!3m1!1s0x7c00449204eb5557:0xefc10cfdf1b83a27"
250,"Lahilahi Point","https://www.google.com/maps/place/Lahilahi+Point/data=!4m2!3m1!1s0x7c008b9ed53467bb:0x67a74ab6be8aa620"
253,"Jazz Minds Honolulu","https://www.google.com/maps/place/Jazz+Minds+Honolulu/data=!4m2!3m1!1s0x7c006df2219a25f1:0xffc1d60bc3b67e1f"
254,"Cromwell's Beach","https://www.google.com/maps/place/Cromwell's+Beach/data=!4m2!3m1!1s0x7c00737940dd1dd3:0xd7f7baf824ad4a97"
255,"Selva","https://www.google.com/maps/place/Selva/data=!4m2!3m1!1s0x80dd317888ae46e7:0xfa96a42a52ad63"
256,"Guelaguetza","https://www.google.com/maps/place/Guelaguetza/data=!4m2!3m1!1s0x80c2b87f94d62329:0xe605cc1bb679a2ac"
257,"Rocio's Mexican Kitchen","https://www.google.com/maps/place/Rocio's+Mexican+Kitchen/data=!4m2!3m1!1s0x80c2cdd30c982733:0x50f7c33e7fdfc85"
258,"Smorgasburg (Los Angeles)","https://www.google.com/maps/place/Smorgasburg+(Los+Angeles)/data=!4m2!3m1!1s0x80c2c62f7b047c81:0x65fba4816d4a10de"
259,"Kuya Lord","https://www.google.com/maps/place/Kuya+Lord/data=!4m2!3m1!1s0x80c2b95032c0e7c7:0xd0dc0578941cc3e2"
260,"Quarter Sheets Pizza","https://www.google.com/maps/place/Quarter+Sheets+Pizza/data=!4m2!3m1!1s0x80c2c74b71342345:0x4b7dafd04256cbe6"
261,"Henry's Cuisine","https://www.google.com/maps/place/Henry's+Cuisine/data=!4m2!3m1!1s0x80c2c53617935cf9:0x9e892817382ef5f2"
262,"AMMATOLI mediterranean bites","https://www.google.com/maps/place/AMMATOLI+mediterranean+bites/data=!4m2!3m1!1s0x80dd31fb13d30149:0x61b80b359d81566b"
263,"Poncho's Tlayudas","https://www.google.com/maps/place/Poncho's+Tlayudas/data=!4m2!3m1!1s0x80c2c86c8dc95555:0x3cb1308feffb5847"
264,"Heritage Barbecue","https://www.google.com/maps/place/Heritage+Barbecue/data=!4m2!3m1!1s0x80dcf104964bc92f:0xe60f2234ab5520ea"
265,"Pizzeria Bianco","https://www.google.com/maps/place/Pizzeria+Bianco/data=!4m2!3m1!1s0x80c2c75c747b8053:0x429348cb75f989cd"
266,"Pie'n Burger","https://www.google.com/maps/place/Pie'n+Burger/data=!4m2!3m1!1s0x80c2c4a0981e6d97:0x73e8bbb76ac3daab"
267,"Otafuku Restaurant","https://www.google.com/maps/place/Otafuku+Restaurant/data=!4m2!3m1!1s0x80c2b57a5cb40001:0x9197e61705540dcb"
268,"Hawkins House of Burgers","https://www.google.com/maps/place/Hawkins+House+of+Burgers/data=!4m2!3m1!1s0x80c2cbcccdd200cf:0xa76233429575378a"
269,"Dan Sung Sa","https://www.google.com/maps/place/Dan+Sung+Sa/data=!4m2!3m1!1s0x80c2c77c91ab6b01:0x72786640a7da4b2"
270,"Dai Ho Restaurant","https://www.google.com/maps/place/Dai+Ho+Restaurant/data=!4m2!3m1!1s0x80c2daf93b72f81d:0x86116f754c08cf2e"
271,"Ji Rong Peking Duck","https://www.google.com/maps/place/Ji+Rong+Peking+Duck/data=!4m2!3m1!1s0x80c2da96e675c777:0x4544418359a18022"
272,"Paddy's Old City Pub","https://www.google.com/maps/place/Paddy's+Old+City+Pub/data=!4m2!3m1!1s0x89c6c88633e147e5:0x52c9dda73fc3590f"
273,"Levain Bakery - NoHo","https://www.google.com/maps/place/Levain+Bakery+-+NoHo/data=!4m2!3m1!1s0x89c259cbc4547a75:0xdbba7ba0538ddab"
274,"Saigon Bakery & Sandwiches","https://www.google.com/maps/place/Saigon+Bakery+%26+Sandwiches/data=!4m2!3m1!1s0x80c2dbfc2dfa2b85:0x8395807ac06f26af"
275,"Kim Kee Noodle Cafe","https://www.google.com/maps/place/Kim+Kee+Noodle+Cafe/data=!4m2!3m1!1s0x80c2c55b97e9013f:0xac79024b4d412ddf"
276,"Bone Kettle","https://www.google.com/maps/place/Bone+Kettle/data=!4m2!3m1!1s0x80c2c3719246e939:0x55954ecc808aeb8a"
277,"Siam Sunset","https://www.google.com/maps/place/Siam+Sunset/data=!4m2!3m1!1s0x80c2bf5403f9fa45:0xddaed45b8fc0204d"
278,"Pine and Crane Silverlake","https://www.google.com/maps/place/Pine+and+Crane+Silverlake/data=!4m2!3m1!1s0x80c2c7480cf7c42d:0x2b24e1e4e3f3af65"
280,"L'Osteria","https://www.google.com/maps/place/L'Osteria/data=!4m2!3m1!1s0x132a5505bd1ddd25:0x65b2a0e655cd0465"
281,"D4 Irish Pub & Cafe","https://www.google.com/maps/place/D4+Irish+Pub+%26+Cafe/data=!4m2!3m1!1s0x880e2b55780a9b21:0x59b0906a3157c7ea"
282,"Kitakata Ramen Ban Nai - Fountain Valley","https://www.google.com/maps/place/Kitakata+Ramen+Ban+Nai+-+Fountain+Valley/data=!4m2!3m1!1s0x80dd273b1af18215:0x818cb2abc65f034c"
283,"Ramen Mura","https://www.google.com/maps/place/Ramen+Mura/data=!4m2!3m1!1s0x80dcdbc1f405e3a7:0x8fc845cf01b0dcb5"
284,"The Broad","https://www.google.com/maps/place/The+Broad/data=!4m2!3m1!1s0x80c2c64d122ca65d:0x98f1041528d11ebf"
285,"Utopia Bagels","https://www.google.com/maps/place/Utopia+Bagels/data=!4m2!3m1!1s0x89c28a61da3d0acd:0xe857931aa5334a2a"
286,"Pokinometry","https://www.google.com/maps/place/Pokinometry/data=!4m2!3m1!1s0x80dcd6269d97f3cb:0x32bd38b4a2c85c9e"
287,"Palau de la Música Catalana","https://www.google.com/maps/place/Palau+de+la+M%C3%BAsica+Catalana/data=!4m2!3m1!1s0x12a4a2fa77ab0441:0x7faa64b56a736c43"
288,"Güell Tapas Restaurant","https://www.google.com/maps/place/G%C3%BCell+Tapas+Restaurant/data=!4m2!3m1!1s0x12a4a258310ac81f:0xbc1d7d38d7b3d6f8"
289,"El Xampanyet","https://www.google.com/maps/place/El+Xampanyet/data=!4m2!3m1!1s0x12a4a2fe8bb2db47:0x7c0703c76612adb8"
290,"São Miguel Island","https://www.google.com/maps/place/S%C3%A3o+Miguel+Island/data=!4m2!3m1!1s0xb5cd77250e697c3:0xae4f6f26c3f63890"
291,"Mama Africa","https://www.google.com/maps/place/Mama+Africa/data=!4m2!3m1!1s0x12c9c0bb782f2fc9:0x6aa93280fa5094df"
292,"New Park Pizza","https://www.google.com/maps/place/New+Park+Pizza/data=!4m2!3m1!1s0x89c2677d98e2fa99:0x251df3cff65cf985"
293,"Samrat Sweets & Fast Food","https://www.google.com/maps/place/Samrat+Sweets+%26+Fast+Food/data=!4m2!3m1!1s0x390c64b8f0610a2b:0xba25ffc12700dbf4"
294,"Mike's Noodle House","https://www.google.com/maps/place/Mike's+Noodle+House/data=!4m2!3m1!1s0x54906abc6885564d:0xa8ba2ed98fb263e3"
295,"Dick's Drive-In","https://www.google.com/maps/place/Dick's+Drive-In/data=!4m2!3m1!1s0x549015329205c2e9:0xf9777b670a3cbaf3"
296,"Port of Call","https://www.google.com/maps/place/Port+of+Call/data=!4m2!3m1!1s0x8620a61a38539ce9:0xa4988039a97a3a62"
297,"Torchy's Tacos","https://www.google.com/maps/place/Torchy's+Tacos/data=!4m2!3m1!1s0x86409c8388557c5d:0xcdeacccef60f0e39"
298,"Via Carota","https://www.google.com/maps/place/Via+Carota/data=!4m2!3m1!1s0x89c259937f4eb1af:0xe49ad5dc628370bb"
299,"Pastis","https://www.google.com/maps/place/Pastis/data=!4m2!3m1!1s0x89c259bff5c54ff1:0x283591a50cf2a14d"
300,"Great Wall of China","https://www.google.com/maps/place/Great+Wall+of+China/data=!4m2!3m1!1s0x35f121d7687f2ccf:0xd040259b950522df"
301,"Christ the Redeemer","https://www.google.com/maps/place/Christ+the+Redeemer/data=!4m2!3m1!1s0x997fd5984aa13f:0x9dc984d7019502de"
302,"Machu Picchu","https://www.google.com/maps/place/Machu+Picchu/data=!4m2!3m1!1s0x916d9a5f89555555:0x3a10370ea4a01a27"
304,"Taj Mahal","https://www.google.com/maps/place/Taj+Mahal/data=!4m2!3m1!1s0x39747121d702ff6d:0xdd2ae4803f767dde"
305,"Plage des Catalans","https://www.google.com/maps/place/Plage+des+Catalans/data=!4m2!3m1!1s0x12c9c0d765358ed7:0x66541adc710ce21"
306,"PATRÓN","https://www.google.com/maps/place/PATR%C3%93N/data=!4m2!3m1!1s0x12a4a29c17c2d367:0x41e617ab291140e1"
307,"Bhimas Indian Vegetarian","https://www.google.com/maps/place/Bhimas+Indian+Vegetarian/data=!4m2!3m1!1s0x80dd2db3bce384dd:0xb859fe65495ef4de"
308,"Parícutin","https://www.google.com/maps/place/Par%C3%ADcutin/data=!4m2!3m1!1s0x842e0d7cee57b815:0xcf75646abe38305a"
309,"Victoria Falls","https://www.google.com/maps/place/Victoria+Falls/data=!4m2!3m1!1s0x194fe53f0d97964b:0xb5064359416ab317"
310,"Kuhacha - domaća kuhinja","https://www.google.com/maps/place/Kuhacha+-+doma%C4%87a+kuhinja/data=!4m2!3m1!1s0x4765d75f4eea68df:0xe4125b652033b352"
311,"Krka National Park","https://www.google.com/maps/place/Krka+National+Park/data=!4m2!3m1!1s0x13352dceeb0b369d:0x12e1d4d5d0103938"
312,"Curry Bowl","https://www.google.com/maps/place/Curry+Bowl/data=!4m2!3m1!1s0x4765d702f69222c7:0x8e4a42a175751b16"
313,"HERITAGE - Croatian Street Food & Shop","https://www.google.com/maps/place/HERITAGE+-+Croatian+Street+Food+%26+Shop/data=!4m2!3m1!1s0x4765d6fee453b98f:0x48fa4e120bd63cba"
314,"Lucin Kantun Dubrovnik","https://www.google.com/maps/place/Lucin+Kantun+Dubrovnik/data=!4m2!3m1!1s0x134c0b3296bb86ff:0xe53315088026d96a"
315,"Trattoria Carmen","https://www.google.com/maps/place/Trattoria+Carmen/data=!4m2!3m1!1s0x134c0b32f6235fd7:0xf590967f9c35f2a9"
316,"Cracker Lake","https://www.google.com/maps/place/Cracker+Lake/data=!4m2!3m1!1s0x5368afd5ccb5b68d:0x1b1d92f2f5b3ad4a"
317,"Main Kitchen Cafe","https://www.google.com/maps/place/Main+Kitchen+Cafe/data=!4m2!3m1!1s0x80c29a96be1bc647:0xa01a77f14476b7fd"
318,"Gelateria Iamotti","https://www.google.com/maps/place/Gelateria+Iamotti/data=!4m2!3m1!1s0x132f60885910e3f1:0xa0553475831c5579"
319,"Brutti Ma Buoni S.R.L.","https://www.google.com/maps/place/Brutti+Ma+Buoni+S.R.L./data=!4m2!3m1!1s0x132f603883c19c19:0xf7b20d88bbfedb11"
320,"Hotel Royal","https://www.google.com/maps/place/Hotel+Royal/data=!4m2!3m1!1s0x8620a610efccf3e7:0xd8f81ac5624a6cc1"
321,"Tacos Los Cholos","https://www.google.com/maps/place/Tacos+Los+Cholos/data=!4m2!3m1!1s0x80dcd79a8302e699:0x57a68f6549bb95c"
322,"Eggbred","https://www.google.com/maps/place/Eggbred/data=!4m2!3m1!1s0x80dcd7e1a94db875:0xf4555414cb5ecb1d"
323,"Miches De La Baja","https://www.google.com/maps/place/Miches+De+La+Baja/data=!4m2!3m1!1s0x80dd356c6edd98c3:0xffb7467a12e33e7b"
324,"Kura Revolving Sushi Bar","https://www.google.com/maps/place/Kura+Revolving+Sushi+Bar/data=!4m2!3m1!1s0x80dd27a1d80dbd25:0x20244504620a6949"
325,"Tuk Tuk Thai Street Food","https://www.google.com/maps/place/Tuk+Tuk+Thai+Street+Food/data=!4m2!3m1!1s0x80dcd9c071b72433:0xa554d53eb4bffcb2"
326,"Lucky's Thai Pantry","https://www.google.com/maps/place/Lucky's+Thai+Pantry/data=!4m2!3m1!1s0x80dcd77ffb31a135:0xc808cd9edcd0296a"
327,"Angel Falls","https://www.google.com/maps/place/Angel+Falls/data=!4m2!3m1!1s0x8dc6be717030a879:0x73210e8bf60fdfe7"
329,"RumFire","https://www.google.com/maps/place/RumFire/data=!4m2!3m1!1s0x7c007275a5012d89:0xefd89f725af24217"
330,"Cluck2GO","https://www.google.com/maps/place/Cluck2GO/data=!4m2!3m1!1s0x80c32af95695f0d5:0x78ce37153510e155"
331,"MYMEN","https://www.google.com/maps/place/MYMEN/data=!4m2!3m1!1s0x80dcd94682a1e3a1:0x85b8f40ce24f2a57"
332,"Jugos Acapulco","https://www.google.com/maps/place/Jugos+Acapulco/data=!4m2!3m1!1s0x80dcd908c2763617:0xc48a1a4cf1899b41"
333,"Retrobottega","https://www.google.com/maps/place/Retrobottega/data=!4m2!3m1!1s0x132f605101b58955:0x6cf4dfc1afaac180"
334,"Mini Caseificio Costanzo - Mozzarella Di Bufala","https://www.google.com/maps/place/Mini+Caseificio+Costanzo+-+Mozzarella+Di+Bufala/data=!4m2!3m1!1s0x133b09330f24cd39:0x6720a9bbca2c63bf"
336,"Churfirsten","https://www.google.com/maps/place/Churfirsten/data=!4m2!3m1!1s0x479b297f489b93d3:0x52225a1df494e12e"
337,"Abraxas Osteria","https://www.google.com/maps/place/Abraxas+Osteria/data=!4m2!3m1!1s0x133b119704bc244f:0x7341221ea10bbc30"
338,"Starita","https://www.google.com/maps/place/Starita/data=!4m2!3m1!1s0x133b0866d895ff1d:0x1e7dba27bd2d6f26"
339,"Yunnan By Potomac Noodle House","https://www.google.com/maps/place/Yunnan+By+Potomac+Noodle+House/data=!4m2!3m1!1s0x89b7b1f78788c3f9:0xefb2d15d9178627c"
340,"Museo de jamon","https://www.google.com/maps/place/Museo+de+jamon/data=!4m2!3m1!1s0xd422880eaf1de1f:0x4b6efe15ae279974"
341,"La Taverna de Barcelona","https://www.google.com/maps/place/La+Taverna+de+Barcelona/data=!4m2!3m1!1s0x12a4a2f3beab43e5:0xfeb5739f44c22d6f"
342,"Yatai Market","https://www.google.com/maps/place/Yatai+Market/data=!4m2!3m1!1s0xd42287ff42755a7:0xd08be825faeb6596"
343,"Roman's","https://www.google.com/maps/place/Roman's/data=!4m2!3m1!1s0x89c25bb992127665:0x1cd0ee75efcf37a7"
344,"R&D Foods","https://www.google.com/maps/place/R%26D+Foods/data=!4m2!3m1!1s0x89c25ba67ad53819:0x6d8a9374cd376c71"
345,"Villa del Balbianello","https://www.google.com/maps/place/Villa+del+Balbianello/data=!4m2!3m1!1s0x47842318d8eabf7f:0x4c74f13f06d99095"
346,"Drift Creek Falls Trail 1378 (Trail Head)","https://www.google.com/maps/place/Drift+Creek+Falls+Trail+1378+(Trail+Head)/data=!4m2!3m1!1s0x54ea9102271d9a81:0xd50c33385381d7b8"
347,"Coconut Beach Volleyball Complex","https://www.google.com/maps/place/Coconut+Beach+Volleyball+Complex/data=!4m2!3m1!1s0x8620b6c3feaa35d5:0xa49bf4e28533ce32"
348,"Seoul Haus","https://www.google.com/maps/place/Seoul+Haus/data=!4m2!3m1!1s0x80dcdcee1e128a2d:0x75b6ed9dd53a7131"
349,"Moro Rock Trail","https://www.google.com/maps/place/Moro+Rock+Trail/data=!4m2!3m1!1s0x80955c04b5f0f25f:0x65ae90fa91d7a0c"
350,"Doce Provisions","https://www.google.com/maps/place/Doce+Provisions/data=!4m2!3m1!1s0x88d9b6f23726e157:0x25cc931c048df6e4"
351,"Versailles Restaurant Cuban Cuisine","https://www.google.com/maps/place/Versailles+Restaurant+Cuban+Cuisine/data=!4m2!3m1!1s0x88d9b70b16afdcb7:0xa807106128af4fae"
352,"Havana Harry's","https://www.google.com/maps/place/Havana+Harry's/data=!4m2!3m1!1s0x88d9b7ef1db5fedb:0x5ba9c888d0b2a1bf"
353,"No. 3 Social","https://www.google.com/maps/place/No.+3+Social/data=!4m2!3m1!1s0x88d9b6adcabfffff:0x5506a75a5eec948d"
354,"1-800-Lucky","https://www.google.com/maps/place/1-800-Lucky/data=!4m2!3m1!1s0x88d9b6adee2091ad:0x96c8a82bb0944c96"
355,"Lāʻie Point State Wayside","https://www.google.com/maps/place/L%C4%81%CA%BBie+Point+State+Wayside/data=!4m2!3m1!1s0x7c00457c8ae267bd:0x99d860e28f909350"
356,"CENTRO Storico Spaghetteria","https://www.google.com/maps/place/CENTRO+Storico+Spaghetteria/data=!4m2!3m1!1s0x80dcdb6c0c286ed5:0xa71605da15c1dce9"
357,"Mother's Restaurant","https://www.google.com/maps/place/Mother's+Restaurant/data=!4m2!3m1!1s0x8620a672efa15d7d:0x1fa42be757413a44"
358,"Cali Sandwich & Pho","https://www.google.com/maps/place/Cali+Sandwich+%26+Pho/data=!4m2!3m1!1s0x8640bf6c0c5d163b:0xd67cef0c6416fa65"
359,"The Chori-Man","https://www.google.com/maps/place/The+Chori-Man/data=!4m2!3m1!1s0x80dd37d57f8c113d:0x9e877d49caab5acb"
361,"Via Gelato","https://www.google.com/maps/place/Via+Gelato/data=!4m2!3m1!1s0x7c006d7b6596e255:0x9945ec8615ac3fa0"
362,"La Taqueria Brand","https://www.google.com/maps/place/La+Taqueria+Brand/data=!4m2!3m1!1s0x80dd2972e6802625:0x92aaffd8c0d67ea"
363,"Walking su 藥膳麻油雞","https://www.google.com/maps/place/Walking+su+%E8%97%A5%E8%86%B3%E9%BA%BB%E6%B2%B9%E9%9B%9E/data=!4m2!3m1!1s0x346e76c1f88ef1b7:0x6a027d1ed0eb43cf"
364,"Sushi Bay","https://www.google.com/maps/place/Sushi+Bay/data=!4m2!3m1!1s0x7c0063162b27d605:0x1ba8e647bd7ae821"
365,"Fumi's Kahuku Shrimp","https://www.google.com/maps/place/Fumi's+Kahuku+Shrimp/data=!4m2!3m1!1s0x7c00503b9f80b0ab:0xaca80678ab484d04"
366,"Valley of the Temples","https://www.google.com/maps/place/Valley+of+the+Temples/data=!4m2!3m1!1s0x7c006a476ef07947:0xfd2eea2d5dbfecbb"
367,"Cinnamon's at the 'Ilikai","https://www.google.com/maps/place/Cinnamon's+at+the+'Ilikai/data=!4m2!3m1!1s0x7c006df42caae2bb:0x2b6d9d19c009fa83"
368,"Waimea Valley","https://www.google.com/maps/place/Waimea+Valley/data=!4m2!3m1!1s0x7c00599082b2115b:0xd9f12c4c38a9ad2b"
369,"Nashville Waikiki","https://www.google.com/maps/place/Nashville+Waikiki/data=!4m2!3m1!1s0x7c00727624ff5149:0x1a90446bdd1f4ca7"
371,"Saddle Peak Trailhead","https://www.google.com/maps/place/Saddle+Peak+Trailhead/data=!4m2!3m1!1s0x80c2a01d647a281f:0x18ad2eae8b295034"
372,"Majorca","https://www.google.com/maps/place/Majorca/data=!4m2!3m1!1s0x1297b8766606c129:0xb7eb9bff02d2ecc0"
376,"Lake Como","https://www.google.com/maps/place/Lake+Como/data=!4m2!3m1!1s0x47843d32820b62f7:0x3e40c4eae898e1e0"
377,"Grand Staircase-Escalante National Monument","https://www.google.com/maps/place/Grand+Staircase-Escalante+National+Monument/data=!4m2!3m1!1s0x8735a484dbd6b473:0x2ae2bd06ceb848e8"
379,"Umbria","https://www.google.com/maps/place/Umbria/data=!4m2!3m1!1s0x132e99ce6f80fd7d:0x9c0847e0b2bf6282"
380,"Latourell Falls","https://www.google.com/maps/place/Latourell+Falls/data=!4m2!3m1!1s0x549594381efbd86d:0x619be41af91e6535"
381,"Sahalie Falls","https://www.google.com/maps/place/Sahalie+Falls/data=!4m2!3m1!1s0x54bf683c2cb35eff:0xf79d7a8b33d3ad26"
382,"Silver Falls State Park","https://www.google.com/maps/place/Silver+Falls+State+Park/data=!4m2!3m1!1s0x54bfedda86d4a279:0x3d55c036fa2ccf71"
383,"Diamond Creek Falls","https://www.google.com/maps/place/Diamond+Creek+Falls/data=!4m2!3m1!1s0x54c71652d4be1b65:0x8be38b47da68719f"
384,"Ramona Falls","https://www.google.com/maps/place/Ramona+Falls/data=!4m2!3m1!1s0x54be1e08fceeabdf:0x666567d62d05e3c"
385,"Steelhead Falls","https://www.google.com/maps/place/Steelhead+Falls/data=!4m2!3m1!1s0x54bf2789c891fb8b:0x66409e4759865bd0"
386,"Tumalo Falls","https://www.google.com/maps/place/Tumalo+Falls/data=!4m2!3m1!1s0x54b8b10ed248cd3f:0x25fba35d1e66310f"
387,"Koosah Falls","https://www.google.com/maps/place/Koosah+Falls/data=!4m2!3m1!1s0x54bf68176e24efe5:0xd64dab12efb837cd"
388,"Marion Falls","https://www.google.com/maps/place/Marion+Falls/data=!4m2!3m1!1s0x54bf0e7a600661b7:0x73ad52752a6e5a32"
389,"Velvet Taco","https://www.google.com/maps/place/Velvet+Taco/data=!4m2!3m1!1s0x8644b587af240e21:0x9dd6c5b07eda0f6d"
391,"Doggi's Arepa Bar","https://www.google.com/maps/place/Doggi's+Arepa+Bar/data=!4m2!3m1!1s0x88d9b3d6faaee477:0x225b620b9180f79a"
392,"Mirror Lake Trailhead","https://www.google.com/maps/place/Mirror+Lake+Trailhead/data=!4m2!3m1!1s0x8096f236916543a7:0x5687cc7ce60c2cc7"
393,"Sentinel Bridge","https://www.google.com/maps/place/Sentinel+Bridge/data=!4m2!3m1!1s0x8096f21b7065b6d3:0x5569bf693c1a607"
394,"Vernal Falls","https://www.google.com/maps/place/Vernal+Falls/data=!4m2!3m1!1s0x8096f3a6715d239f:0x6f5acf1c5b6937a5"
395,"M Sushi","https://www.google.com/maps/place/M+Sushi/data=!4m2!3m1!1s0x7954d33a860f5575:0xea6d71b1cbac2bd8"
396,"Zhangjiajie National Forest Park","https://www.google.com/maps/place/Zhangjiajie+National+Forest+Park/data=!4m2!3m1!1s0x369bafca1a43aca1:0xa18079ec65a40b6f"
397,"Lake McDonald","https://www.google.com/maps/place/Lake+McDonald/data=!4m2!3m1!1s0x53661bbe7f2d62f5:0xe1f1f691338e9e6d"
400,"Angels Landing","https://www.google.com/maps/place/Angels+Landing/data=!4m2!3m1!1s0x80cac3d63de4e197:0xc7cc7a1f137357ee"
401,"Ambuluwawa Biodiversity Complex","https://www.google.com/maps/place/Ambuluwawa+Biodiversity+Complex/data=!4m2!3m1!1s0x3ae371f92e975b5d:0xa383ec30d0ad2ef6"
402,"Tianmen Mountain","https://www.google.com/maps/place/Tianmen+Mountain/data=!4m2!3m1!1s0x369bb0f90d81b9cf:0x5e82b58f424f258"
403,"Fuschlsee","https://www.google.com/maps/place/Fuschlsee/data=!4m2!3m1!1s0x4776a3238152dc95:0xb5fc612411b7240"
404,"Twilight Beach","https://www.google.com/maps/place/Twilight+Beach/data=!4m2!3m1!1s0x2a5b47ef1794082b:0xaac5174ec545456f"
405,"Sigiriya","https://www.google.com/maps/place/Sigiriya/data=!4m2!3m1!1s0x3afca0dfa73179d1:0x1e04c1150cff0edf"
406,"Lofoten","https://www.google.com/maps/place/Lofoten/data=!4m2!3m1!1s0x45de3f6ae3f3e829:0x619c91674bfc3c5d"
407,"The Wave","https://www.google.com/maps/place/The+Wave/data=!4m2!3m1!1s0x8734f1a426066667:0xe7c1ca7e4db0d03"
408,"Yosemite Falls","https://www.google.com/maps/place/Yosemite+Falls/data=!4m2!3m1!1s0x8096f1fb4d25adeb:0xca05cbdf2d93d1b8"
409,"Glacier Point","https://www.google.com/maps/place/Glacier+Point/data=!4m2!3m1!1s0x8096f243c3ebdf89:0x58d7e0c22ba6280a"
410,"Taft Point Trailhead","https://www.google.com/maps/place/Taft+Point+Trailhead/data=!4m2!3m1!1s0x8096f26188311489:0xa5b6cf114c659813"
411,"Bridalveil Falls Trailhead","https://www.google.com/maps/place/Bridalveil+Falls+Trailhead/data=!4m2!3m1!1s0x8096ec34bb0ef1e7:0xe95385d96e61f10e"
413,"Pu‘Upiei","https://www.google.com/maps/place/Pu%E2%80%98Upiei/data=!4m2!3m1!1s0x7c0044776ce49339:0xddde339eb315292e"
414,"Grinnell Glacier","https://www.google.com/maps/place/Grinnell+Glacier/data=!4m2!3m1!1s0x5368ae8cc1be4c11:0x679f40e4c65cae98"
415,"Indian School Park","https://www.google.com/maps/place/Indian+School+Park/data=!4m2!3m1!1s0x872b0bb88eb5987d:0x8c7f3465cff69fd4"
416,"Que Vida Tacos","https://www.google.com/maps/place/Que+Vida+Tacos/data=!4m2!3m1!1s0x80dd212900d390ed:0x94901495d9fbe2d2"
417,"Verti Marte","https://www.google.com/maps/place/Verti+Marte/data=!4m2!3m1!1s0x8620a610af6a2caf:0x16e87d87874041b5"
418,"Underbelly","https://www.google.com/maps/place/Underbelly/data=!4m2!3m1!1s0x80d954b2667119f1:0xe21b3dd670f24e93"
420,"Laurel House Trail - Kaaterskill Falls Viewing Platform","https://www.google.com/maps/place/Laurel+House+Trail+-+Kaaterskill+Falls+Viewing+Platform/data=!4m2!3m1!1s0x89ddafc678039187:0x26c629bfe4ce0b42"
421,"Joe & Pat's Pizzeria & Restaurant","https://www.google.com/maps/place/Joe+%26+Pat's+Pizzeria+%26+Restaurant/data=!4m2!3m1!1s0x89c24e81bc060fb9:0xcb3ef488501d97bc"
422,"Pho 101","https://www.google.com/maps/place/Pho+101/data=!4m2!3m1!1s0x80dd265b4c9737f1:0x8b4b972c4db4f7dc"
423,"Rodded","https://www.google.com/maps/place/Rodded/data=!4m2!3m1!1s0x80c2bf4ff406acb1:0xbdd4b6a8c4567c93"
424,"ABC-DAKINE TAXI SERVICE","https://www.google.com/maps/place/ABC-DAKINE+TAXI+SERVICE/data=!4m2!3m1!1s0x79540ef8cb92bccf:0x5aecb567af818b0a"
425,"Lost Books","https://www.google.com/maps/place/Lost+Books/data=!4m2!3m1!1s0x80c2eb9c7d8ac129:0x495c7ed7371df097"
426,"Bee & Tea","https://www.google.com/maps/place/Bee+%26+Tea/data=!4m2!3m1!1s0x80c3319a6142e025:0xdbbb043c421bf8c0"
427,"Courage Bagels","https://www.google.com/maps/place/Courage+Bagels/data=!4m2!3m1!1s0x80c2c778b57dccbb:0xc38f4ad70fb86a12"
428,"Las Brisas","https://www.google.com/maps/place/Las+Brisas/data=!4m2!3m1!1s0x80dce435d97d576d:0xa7cecc7368f32f84"
429,"Mount Olympus National Park","https://www.google.com/maps/place/Mount+Olympus+National+Park/data=!4m2!3m1!1s0x135812048b543bff:0xd8c6d91a68007ab9"
430,"NEP Cafe","https://www.google.com/maps/place/NEP+Cafe/data=!4m2!3m1!1s0x80dd27cbbc17a63f:0x8e05ecb0cbebc413"
432,"34°03'11.8""N 118°30'20.2""W","https://www.google.com/maps/search/34.053288,-118.505597"
433,"TidePoole's","https://www.google.com/maps/place/TidePoole's/data=!4m2!3m1!1s0x80dd21a6cfe84c13:0x234645454b2c7611"
434,"Maast Indian","https://www.google.com/maps/place/Maast+Indian/data=!4m2!3m1!1s0x80dcdf133b81eea7:0x33e378ec8d974502"
435,"Philly's Best","https://www.google.com/maps/place/Philly's+Best/data=!4m2!3m1!1s0x80dd27338a035283:0xfbd7bf73434ff17b"
436,"Burnt Crumbs Irvine","https://www.google.com/maps/place/Burnt+Crumbs+Irvine/data=!4m2!3m1!1s0x80dce7e4c0db0897:0xa173b92f85460aad"
437,"Monument Valley","https://www.google.com/maps/place/Monument+Valley/data=!4m2!3m1!1s0x87373183ffa168fd:0xcd9f911704a64b6e"
439,"Spoon & Pork","https://www.google.com/maps/place/Spoon+%26+Pork/data=!4m2!3m1!1s0x80c2c5e852d55701:0xf956891157ada594"
440,"Mini Kabob","https://www.google.com/maps/place/Mini+Kabob/data=!4m2!3m1!1s0x80c2c0fbff8f0015:0x811a2b1707f004f2"
441,"Lunasia Dim Sum House","https://www.google.com/maps/place/Lunasia+Dim+Sum+House/data=!4m2!3m1!1s0x80c2c36fb3bcbf6b:0x27b30ac589233d45"
442,"BADMAASH Downtown LA","https://www.google.com/maps/place/BADMAASH+Downtown+LA/data=!4m2!3m1!1s0x80c2c70c7b0742ab:0x56164f85adb8c160"
443,"Anajak Thai Cuisine","https://www.google.com/maps/place/Anajak+Thai+Cuisine/data=!4m2!3m1!1s0x80c297c5baa1e89f:0x83a04faba786ac13"
444,"Red Box Picnic Area","https://www.google.com/maps/place/Red+Box+Picnic+Area/data=!4m2!3m1!1s0x80c2e7d0dde0b321:0x14fedb6faa953976"
445,"Vientiane Lao Thai Restaurant","https://www.google.com/maps/place/Vientiane+Lao+Thai+Restaurant/data=!4m2!3m1!1s0x80dd27c293366a4d:0x2f36b350a74ca96a"
446,"Carousel Restaurant Glendale","https://www.google.com/maps/place/Carousel+Restaurant+Glendale/data=!4m2!3m1!1s0x80c2c054e5483e4b:0x8973313e4a7d0380"
447,"Burgers Never Say Die","https://www.google.com/maps/place/Burgers+Never+Say+Die/data=!4m2!3m1!1s0x80c2c748eebd79e5:0x35d71da5acdb75fa"
448,"Dropped pin","https://www.google.com/maps/search/21.2563594,-157.7908279"
449,"Wake & Late","https://www.google.com/maps/place/Wake+%26+Late/data=!4m2!3m1!1s0x80c2c6359c55cb5f:0xf43867d4ce09fade"
450,"Portillo's Hot Dogs","https://www.google.com/maps/place/Portillo's+Hot+Dogs/data=!4m2!3m1!1s0x80dd2bd8545d6309:0x497c02df3ae592e2"
451,"KoBaWoo House","https://www.google.com/maps/place/KoBaWoo+House/data=!4m2!3m1!1s0x80c2c7796df6ffd3:0xc6c9b606f7866317"
452,"Sun Nong Dan","https://www.google.com/maps/place/Sun+Nong+Dan/data=!4m2!3m1!1s0x80c2c77d10ba0f7f:0xb813984a51e3d554"
453,"Langer's Delicatessen-Restaurant","https://www.google.com/maps/place/Langer's+Delicatessen-Restaurant/data=!4m2!3m1!1s0x80c2c79f65c05a3f:0x36ae812febfdc501"
454,"The District Nightclub","https://www.google.com/maps/place/The+District+Nightclub/data=!4m2!3m1!1s0x7c006dfaab367c7f:0x9bd02312537a0ff0"
455,"Banana Bay Restaurant","https://www.google.com/maps/place/Banana+Bay+Restaurant/data=!4m2!3m1!1s0x80c32a61edc622fb:0xf847bccc8a5210be"
456,"Pizzeria La Notizia","https://www.google.com/maps/place/Pizzeria+La+Notizia/data=!4m2!3m1!1s0x133b0927284d7d51:0xe621b4efb59961eb"
457,"Cafe Maspero","https://www.google.com/maps/place/Cafe+Maspero/data=!4m2!3m1!1s0x8620a61225b63f17:0x32b71ff38c92f22f"
458,"Chada Thai","https://www.google.com/maps/place/Chada+Thai/data=!4m2!3m1!1s0x80dd27c4d8371107:0xfc93e06acabdd03e"
459,"The Oinkster","https://www.google.com/maps/place/The+Oinkster/data=!4m2!3m1!1s0x80c2c160e9e3adeb:0x5f100db8382c9988"
460,"Bolton's Spicy Chicken & Fish","https://www.google.com/maps/place/Bolton's+Spicy+Chicken+%26+Fish/data=!4m2!3m1!1s0x886466357b35e889:0xa42cf670d006a8a"
461,"Fay Da Bakery","https://www.google.com/maps/place/Fay+Da+Bakery/data=!4m2!3m1!1s0x89c25a27738b5d7b:0xa4c5aa253b289ecc"
462,"Doyles at Sydney Fish Markets","https://www.google.com/maps/place/Doyles+at+Sydney+Fish+Markets/data=!4m2!3m1!1s0x6b12ae33e75c1a7f:0x4c544c44964483a6"
463,"Seasoned Vegan","https://www.google.com/maps/place/Seasoned+Vegan/data=!4m2!3m1!1s0x89c2f610a5099bef:0x3dbb19f8b7134018"
465,"Scoops","https://www.google.com/maps/place/Scoops/data=!4m2!3m1!1s0x80c2c3ffcab296df:0xa9e7d7aa231d8f55"
466,"HomeState","https://www.google.com/maps/place/HomeState/data=!4m2!3m1!1s0x80c2c0ada97ada89:0x3fcad902dde802d4"
467,"Eataly NYC Flatiron","https://www.google.com/maps/place/Eataly+NYC+Flatiron/data=!4m2!3m1!1s0x89c259a4119ce269:0x9dec0c979b575972"
468,"Dropped pin","https://www.google.com/maps/search/34.1390301,-118.5770478"
469,"Zhengyalov Hatz","https://www.google.com/maps/place/Zhengyalov+Hatz/data=!4m2!3m1!1s0x80c2c198630c831d:0xd3917a69068c6cb9"
470,"Coyote Buttes","https://www.google.com/maps/place/Coyote+Buttes/data=!4m2!3m1!1s0x8734f187f99c4019:0xa5b066e5c78f0809"
471,"Cedar Breaks National Monument","https://www.google.com/maps/place/Cedar+Breaks+National+Monument/data=!4m2!3m1!1s0x80b5617ffe207d53:0x9f22e2d59a78397e"
472,"Chefchaouen","https://www.google.com/maps/place/Chefchaouen/data=!4m2!3m1!1s0xd0b265e6402d907:0x91548980ce97ea0c"
473,"Lulu's Hot Dogs","https://www.google.com/maps/place/Lulu's+Hot+Dogs/data=!4m2!3m1!1s0x880e2d6c4c73ced9:0xf2919ffe993f9329"
474,"Niagara Falls","https://www.google.com/maps/place/Niagara+Falls/data=!4m2!3m1!1s0x89d363ea29e633b7:0x61975ae4b9c5aab3"
475,"White Mountains","https://www.google.com/maps/place/White+Mountains/data=!4m2!3m1!1s0x4cb3f46d4240c90f:0xfca2c69d2225c8ac"
476,"Kenai Fjords National Park","https://www.google.com/maps/place/Kenai+Fjords+National+Park/data=!4m2!3m1!1s0x56c79c630608aa09:0x12143ced272edc64"
477,"Sintra","https://www.google.com/maps/place/Sintra/data=!4m2!3m1!1s0xd1ed09be5d23323:0x400ebbde4903720"
478,"Cliffs of Moher","https://www.google.com/maps/place/Cliffs+of+Moher/data=!4m2!3m1!1s0x485b01af0bb881f3:0x283a469048b8c0e6"
479,"Lappert's Hawaii","https://www.google.com/maps/place/Lappert's+Hawaii/data=!4m2!3m1!1s0x7c006df50e752837:0x5d05f1ad7aca3c7"
480,"The Storr","https://www.google.com/maps/place/The+Storr/data=!4m2!3m1!1s0x488dcd47018d8697:0x69288a895e431915"
481,"The Mill House","https://www.google.com/maps/place/The+Mill+House/data=!4m2!3m1!1s0x7954d393abdd9ae9:0xfbe7d3cba284e808"
482,"Lone Cypress","https://www.google.com/maps/place/Lone+Cypress/data=!4m2!3m1!1s0x808de71fe19bad5f:0x9518b47cdc5a7455"
483,"Mendokoro Ramenba","https://www.google.com/maps/place/Mendokoro+Ramenba/data=!4m2!3m1!1s0x3397c907ab328217:0xd8e18abb4c04964c"
484,"Grand Teton National Park","https://www.google.com/maps/place/Grand+Teton+National+Park/data=!4m2!3m1!1s0x5352519ec95d1ba9:0xa5a0b88ecc91a337"
485,"Multnomah Falls","https://www.google.com/maps/place/Multnomah+Falls/data=!4m2!3m1!1s0x5495eb1e945a5877:0x1eeaf88627083bc6"
486,"Antelope Valley California Poppy Reserve State Natural Reserve","https://www.google.com/maps/place/Antelope+Valley+California+Poppy+Reserve+State+Natural+Reserve/data=!4m2!3m1!1s0x80c26c00eb7ecc9b:0x582ed8c0bf849de9"
487,"Kichi Kichi Omurice","https://www.google.com/maps/place/Kichi+Kichi+Omurice/data=!4m2!3m1!1s0x60010894b20b41dd:0x98dd4445067a93b4"
488,"Acadia National Park","https://www.google.com/maps/place/Acadia+National+Park/data=!4m2!3m1!1s0x4caea3b20ea22925:0x62df220efc555584"
489,"Lake Bled","https://www.google.com/maps/place/Lake+Bled/data=!4m2!3m1!1s0x477a9139b9d9e421:0x83cd8331dd0107ac"
490,"Azalea and Rhododendron Park Kromlau","https://www.google.com/maps/place/Azalea+and+Rhododendron+Park+Kromlau/data=!4m2!3m1!1s0x470889fc59c78ff5:0x692eef1875cc360b"
491,"Lucali","https://www.google.com/maps/place/Lucali/data=!4m2!3m1!1s0x89c25a593142dedf:0xf29a33ff1f0b6ab7"
492,"Hallstatt","https://www.google.com/maps/place/Hallstatt/data=!4m2!3m1!1s0x4771366f6e414663:0x16c165596a26c1ad"
493,"Grand Prismatic Spring","https://www.google.com/maps/place/Grand+Prismatic+Spring/data=!4m2!3m1!1s0x5351ebbea155a649:0xdff59dcdc8fb8761"
494,"Yosemite National Park","https://www.google.com/maps/place/Yosemite+National+Park/data=!4m2!3m1!1s0x8096f09df58aecc5:0x2d249c2ced8003fe"
495,"Trolltunga","https://www.google.com/maps/place/Trolltunga/data=!4m2!3m1!1s0x463e997b1b732151:0x9b7c92bfdc268ed8"
496,"Santorini","https://www.google.com/maps/place/Santorini/data=!4m2!3m1!1s0x1499ce86adfd9ff7:0xb2a761f740d68afc"
497,"The Berkshires","https://www.google.com/maps/place/The+Berkshires/data=!4m2!3m1!1s0x89e76b90df1bf81d:0x2235e9a4c0882258"
498,"Meteora","https://www.google.com/maps/place/Meteora/data=!4m2!3m1!1s0x13590faee8327f39:0x7127add4d8bc32ff"
499,"Skagit Valley Tulip Festival","https://www.google.com/maps/place/Skagit+Valley+Tulip+Festival/data=!4m2!3m1!1s0x54856eafe293103d:0x119f42a2d1df738d"
500,"Palouse Falls","https://www.google.com/maps/place/Palouse+Falls/data=!4m2!3m1!1s0x549f4eaa1f0acd03:0x17554ba788a2203b"
501,"Bruges","https://www.google.com/maps/place/Bruges/data=!4m2!3m1!1s0x47c350d0c11e420d:0x1aa2f35ac8834df7"
502,"Kirkjufell","https://www.google.com/maps/place/Kirkjufell/data=!4m2!3m1!1s0x48d57bab8dd70f87:0x9b45ba57731db7b"
503,"Provence","https://www.google.com/maps/place/Provence/data=!4m2!3m1!1s0x47f47fdfc9e0f5ad:0x44eefb3a98b5f62d"
504,"Rock of Gibraltar","https://www.google.com/maps/place/Rock+of+Gibraltar/data=!4m2!3m1!1s0xd0cbf7ddd3b0ff7:0x10c2257a5c95e67"
505,"Paluang Cliff","https://www.google.com/maps/place/Paluang+Cliff/data=!4m2!3m1!1s0x2dd271d52a437a11:0x4e611c8273049ce6"
506,"Kats Sushi","https://www.google.com/maps/place/Kats+Sushi/data=!4m2!3m1!1s0x7c006de1aa77aa59:0x54186a2a8692db35"
507,"Modan Artisanal Ramen","https://www.google.com/maps/place/Modan+Artisanal+Ramen/data=!4m2!3m1!1s0x80c2db7fb5068f09:0xc81471be916d3fc0"
508,"Lupita's","https://www.google.com/maps/place/Lupita's/data=!4m2!3m1!1s0x80c2dca86fd26595:0xeb135af605ac86b7"
509,"Crackin' Kitchen","https://www.google.com/maps/place/Crackin'+Kitchen/data=!4m2!3m1!1s0x7c006d8a03c9ec09:0x2cd2d32b7bae9077"
510,"Musso & Frank Grill","https://www.google.com/maps/place/Musso+%26+Frank+Grill/data=!4m2!3m1!1s0x80c2bf2359ce9d69:0x61ab1ea76555d48"
511,"Salazar","https://www.google.com/maps/place/Salazar/data=!4m2!3m1!1s0x80c2c0d53e5dd0ff:0xf2442753334d0b21"
512,"Playground","https://www.google.com/maps/place/Playground/data=!4m2!3m1!1s0x80dcd9087d9bdc05:0x2cc9b594f62fb4d8"
513,"Manpuku Tokyo Barbeque Dining","https://www.google.com/maps/place/Manpuku+Tokyo+Barbeque+Dining/data=!4m2!3m1!1s0x80dcdf165af1d10b:0x5d990c89f2b2c9fb"
514,"Maui Mike's Fire-Roasted Chicken","https://www.google.com/maps/place/Maui+Mike's+Fire-Roasted+Chicken/data=!4m2!3m1!1s0x7c001493210997cf:0xdd6a6e0e636730f3"
515,"Salsamor","https://www.google.com/maps/place/Salsamor/data=!4m2!3m1!1s0x7c006de52dd5f641:0xb77e8e528f0cf7cb"
516,"Bill's Burgers","https://www.google.com/maps/place/Bill's+Burgers/data=!4m2!3m1!1s0x80c297082cdd1bff:0x54923c9bffb0ea9"
517,"Over Easy","https://www.google.com/maps/place/Over+Easy/data=!4m2!3m1!1s0x7c0014dc7d1780fb:0xc7028e831a95b6fc"
518,"Connie's Pizza","https://www.google.com/maps/place/Connie's+Pizza/data=!4m2!3m1!1s0x880e2c5c4c0efc8b:0x893814ec83786e73"
519,"Maialino","https://www.google.com/maps/place/Maialino/data=!4m2!3m1!1s0x89c259a0fdcd87d9:0x7ac72222903f2de2"
521,"Faroe Islands","https://www.google.com/maps/place/Faroe+Islands/data=!4m2!3m1!1s0x48bc1593762df9eb:0x3fb0314864f71b24"
