Title,Note,URL,Tags,Comment
,,,,
pasjoli,solid stuff; little expensive,https://www.google.com/maps/place/pasjoli/data=!4m2!3m1!1s0x80c2bb6fe0cf38a5:0x6f1b58d0d7d3d70d,,
Angelini Osteria,Pretty dang good and expensive Italian,https://www.google.com/maps/place/Angelini+Osteria/data=!4m2!3m1!1s0x80c2b929757c0d23:0x1fc9e1301ab75903,,
Angelini Osteria,Pretty dang good and expensive Italian,https://www.google.com/maps/place/Angelini+Osteria/data=!4m2!3m1!1s0x80c2b929757c0d23:0x1fc9e1301ab75903,,
Simōn,Bro wtf best fish tacos in LA,https://www.google.com/maps/place/Sim%C5%8Dn/data=!4m2!3m1!1s0x80c2c7b740564dc7:0x4e5e8b46e0b2e0cb,,
Pine and Crane Silverlake,Go back for the beef noodle,https://www.google.com/maps/place/Pine+and+Crane+Silverlake/data=!4m2!3m1!1s0x80c2c7480cf7c42d:0x2b24e1e4e3f3af65,,
Courage Bagels,Top bagel so far,https://www.google.com/maps/place/Courage+Bagels/data=!4m2!3m1!1s0x80c2c778b57dccbb:0xc38f4ad70fb86a12,,
Evil Cooks,"Holy fuck what

Incredible tacos of death",https://www.google.com/maps/place/Evil+Cooks/data=!4m2!3m1!1s0x80c2c5d49b17139f:0x1a2f660c63b11058,,
Beethoven Market,Pretty solid stuff,https://www.google.com/maps/place/Beethoven+Market/data=!4m2!3m1!1s0x80c2baf0ba3f0597:0x2845e5bc8bef15f6,,
El Pollo Grill - Bonita,Some damn good burritos,https://www.google.com/maps/place/El+Pollo+Grill+-+Bonita/data=!4m2!3m1!1s0x80d94e18e066d311:0x5ec5c5fa653c91a7,,
HomeState,Brekky tacos,https://www.google.com/maps/place/HomeState/data=!4m2!3m1!1s0x80c2c0ada97ada89:0x3fcad902dde802d4,,
Lao Xi Noodle House,This place slaps,https://www.google.com/maps/place/Lao+Xi+Noodle+House/data=!4m2!3m1!1s0x80c2dba4bec9b25f:0xf9f36bf951d7aa9c,,
NEP Cafe - Fountain Valley,Superb Vietnamese,https://www.google.com/maps/place/NEP+Cafe+-+Fountain+Valley/data=!4m2!3m1!1s0x80dd27cbbc17a63f:0x8e05ecb0cbebc413,,
Ramen Nagi,Best ramen I think I've ever had (they just made it spicy),https://www.google.com/maps/place/Ramen+Nagi/data=!4m2!3m1!1s0x80c2bb8c7b7626ef:0x1b913da544a7c1c7,,
Kurama Station,Such a pleasant walk in the mountains,https://www.google.com/maps/place/Kurama+Station/data=!4m2!3m1!1s0x6001a66ae18766a9:0xbd117d7fe527f213,,
'O Scugnizzo,Super tasty pizza,https://www.google.com/maps/place/''O+Scugnizzo'/data=!4m2!3m1!1s0x132bed5baf7bc687:0xac10838e512c0e63,,
Cortona,Jordan Schlansky's favorite city,https://www.google.com/maps/place/Cortona/data=!4m2!3m1!1s0x132bf97881a782d7:0x27cf7fa1dc70734e,,
Ditta Artigianale Mercato San Lorenzo,Best caramel latte,https://www.google.com/maps/place/Ditta+Artigianale+Mercato+San+Lorenzo/data=!4m2!3m1!1s0x132a550d16b77b31:0x2fb927e7a5b9908c,,
Sbrino,Such amazing gelato and hot chocolate gelato,https://www.google.com/maps/place/Sbrino/data=!4m2!3m1!1s0x132a53005d72e88b:0xc661f10261a6e7d9,,
I' Girone De' Ghiotti,Got the La Rossa. Some tasty tasty truffle,https://www.google.com/maps/place/I'+Girone+De'+Ghiotti/data=!4m2!3m1!1s0x132a54010f7dcbc1:0xc93c0d1bebce9db4,,
Icy Dot Wine,"Expensive, but great salted caramel",https://www.google.com/maps/place/Icy+Dot+Wine/data=!4m2!3m1!1s0x132a56a9bb9a6ccf:0x16d879cb97b3bdc4,,
Ristorante Buca Mario,Holy fuck the lasagna was top tier,https://www.google.com/maps/place/Ristorante+Buca+Mario/data=!4m2!3m1!1s0x132a56abd526e1db:0x1a0185531ad4dc86,,
Pho 101,Holy shit it's so good,https://www.google.com/maps/place/Pho+101/data=!4m2!3m1!1s0x80dd265b4c9737f1:0x8b4b972c4db4f7dc,,
Guelaguetza Restaurant,Tasty mole,https://www.google.com/maps/place/Guelaguetza+Restaurant/data=!4m2!3m1!1s0x80c2b87f94d62329:0xe605cc1bb679a2ac,,
Brothers Cousins Tacos,,https://www.google.com/maps/place/Brothers+Cousins+Tacos/data=!4m2!3m1!1s0x80c2bb00120ffa63:0x734aa6db39070f3d,,
Villa's Tacos - Grand Central Market,"Queso taco con pierna de
pollo 101 best tacos",https://www.google.com/maps/place/Villa's+Tacos+-+Grand+Central+Market/data=!4m2!3m1!1s0x80c2c70011d94a9f:0x96b32746895702bb,,
Colapasta Restaurant,Great pasta spot,https://www.google.com/maps/place/Colapasta+Restaurant/data=!4m2!3m1!1s0x80c2a5738daa666d:0x78c63b48f3af01e7,,
All'Antico Vinaio,,https://www.google.com/maps/place/All'Antico+Vinaio/data=!4m2!3m1!1s0x80c2bb7f86d2dc27:0xee98cb6245a53f3e,,
鹵億鮮 Luyixian,Damn good spicy braised beef soup,https://www.google.com/maps/place/%E9%B9%B5%E5%84%84%E9%AE%AE+Luyixian/data=!4m2!3m1!1s0x80c2c5b93764b151:0x502842a9eef5fb12,,
Bridgetown Roti,Some solid roti and empanadas,https://www.google.com/maps/place/Bridgetown+Roti/data=!4m2!3m1!1s0x80c2c7eacfc0ee9d:0xc6a615dad49f1042,,
La Azteca Tortilleria #2,The best breakfast burrito in LA,https://www.google.com/maps/place/La+Azteca+Tortilleria+%232/data=!4m2!3m1!1s0x80c2cf7b7fa07d5b:0x655392a5d2d51a9d,,
Yama Sushi Marketplace,Absolutely dank sashimi,https://www.google.com/maps/place/Yama+Sushi+Marketplace/data=!4m2!3m1!1s0x80c2bbac37065f7f:0x318d68b8aeb78e24,,
Night + Market Song,Panang killed it,https://www.google.com/maps/place/Night+%2B+Market+Song/data=!4m2!3m1!1s0x80c2c7389f55b855:0xb564135452d76424,,
Tsujita LA Artisan Noodles,Some real tasty ramen,https://www.google.com/maps/place/Tsujita+LA+Artisan+Noodles/data=!4m2!3m1!1s0x80c2bb74df48dd81:0xf5e9b108b806741f,,
Wattana Panich,Tasty broth,https://www.google.com/maps/place/Wattana+Panich/data=!4m2!3m1!1s0x30e29e49982ce2f9:0x38858b25983d26,,
"C. Conde de Torrejón, 17",Airbnb,"https://www.google.com/maps/place/C.+Conde+de+Torrej%C3%B3n,+17/data=!4m2!3m1!1s0xd126c067b2acac1:0x6579fef3a47de742",,
Brothers Cousins Tacos,Wow the burrito was good and $10 in 2025,https://www.google.com/maps/place/Brothers+Cousins+Tacos/data=!4m2!3m1!1s0x80c2bb39158912b7:0x414c2505a382b167,,
Sabor,Some really great Spanish food,https://www.google.com/maps/place/Sabor/data=!4m2!3m1!1s0x487604d596f371a1:0x7d7a6b64190bb473,,
G.E Chano's Drive Thru Mexican Food,Carne asada fries are excellent,https://www.google.com/maps/place/G.E+Chano's+Drive+Thru+Mexican+Food/data=!4m2!3m1!1s0x80c2c677e25bf5cd:0x55799959ad0afdc3,,
Hae Jang Chon Korean BBQ Restaurant,Best kbbq,https://www.google.com/maps/place/Hae+Jang+Chon+Korean+BBQ+Restaurant/data=!4m2!3m1!1s0x80c2b89b437ecda9:0xc6e1364fd48e3303,,
The Black Pig,Fmu this is the best thing in borough market,https://www.google.com/maps/place/The+Black+Pig/data=!4m2!3m1!1s0x4876039113c17bf5:0xb40a389666e3e295,,
Easy Street Burgers,Fucking incredible burger,https://www.google.com/maps/place/Easy+Street+Burgers/data=!4m2!3m1!1s0x80c2b9ec47738a09:0xd6701f5a02099fe,,
Breakfast by Salt's Cure,Decent pancake,https://www.google.com/maps/place/Breakfast+by+Salt's+Cure/data=!4m2!3m1!1s0x80c2bed0c7b8bbbb:0x4b3ed5c939f096a8,,
California Burritos,Dank ass burritos. Try em all,https://www.google.com/maps/place/California+Burritos/data=!4m2!3m1!1s0x80d9555c0a5009b5:0x556248d0a2f95b50,,
Nick's Deli,Legit great brekky burrito,https://www.google.com/maps/place/Nick's+Deli/data=!4m2!3m1!1s0x80dd2ffb3a313911:0x1fe8d30e15a92609,,
Gelateria La Romana,Best gelato,https://www.google.com/maps/place/Gelateria+La+Romana/data=!4m2!3m1!1s0x132f61e08c37da1d:0xa47132a7a5082628,,
Trattoria Da Enzo al 29,Pretty solid. Idk who recommended this. Good napkins too,https://www.google.com/maps/place/Trattoria+Da+Enzo+al+29/data=!4m2!3m1!1s0x132f6038ddb52e7f:0xb5824e3488f5aaf8,,
L'Antica Pizzeria da Michele,Best pizza still,https://www.google.com/maps/place/L'Antica+Pizzeria+da+Michele/data=!4m2!3m1!1s0x132f60ce2367fb25:0x7286f0bd5d184372,,
All'Antico Vinaio,It's still so good. Try them all,https://www.google.com/maps/place/All'Antico+Vinaio/data=!4m2!3m1!1s0x132f6123650c3c4d:0xe037d7e27a471c39,,
Fontana del Moro,Funny statue,https://www.google.com/maps/place/Fontana+del+Moro/data=!4m2!3m1!1s0x132f604ff2a14ee3:0xa935d9d9eb5daa96,,
Tao Tao Ju,Very good dim sum,https://www.google.com/maps/place/Tao+Tao+Ju/data=!4m2!3m1!1s0x487604d24285bc65:0xf56829c7eb2fc065,,
Pastéis de Belém,The best pastel de natas EVER,https://www.google.com/maps/place/Past%C3%A9is+de+Bel%C3%A9m/data=!4m2!3m1!1s0xd1ecb452efd715b:0xffeff6c6b46d9665,,
Supernova,Damn good smash burgers,https://www.google.com/maps/place/Supernova/data=!4m2!3m1!1s0x487605931f125e57:0x255978e99789e741,,
BAO Soho,Love the bao buns here,https://www.google.com/maps/place/BAO+Soho/data=!4m2!3m1!1s0x487604d4932fcec5:0xecf6cfbf979a9d8c,,
Tacos Y Birria La Unica,Quesataco de birria de chivo was so fucking good,https://www.google.com/maps/place/Tacos+Y+Birria+La+Unica/data=!4m2!3m1!1s0x80c2c8b0166f0259:0xed9a57ecda91a9d9,,
Macheen,"Solid rec from Nestor

Try the brisket tacos next time",https://www.google.com/maps/place/Macheen/data=!4m2!3m1!1s0x80c2c5817f47a8db:0xce54dd02d526792d,,
Russo’s,Salmon pasta was the best ever,https://www.google.com/maps/place/Russo%E2%80%99s/data=!4m2!3m1!1s0xd19337319ced8eb:0xa72535819255c936,,
COFAX -Fairfax-,Solid brekky burrito,https://www.google.com/maps/place/COFAX+-Fairfax-/data=!4m2!3m1!1s0x80c2b9332c707c5f:0xb70e90989afb8535,,
Spitting Cave,Coolest place in the world,https://www.google.com/maps/place/Spitting+Cave/data=!4m2!3m1!1s0x7c000d872871a9e1:0x2c7cc421496d1d4c,,
Ningxia Night Market,,https://www.google.com/maps/place/Ningxia+Night+Market/data=!4m2!3m1!1s0x3442a96b56cf45c5:0xa2e6923fa27a10b4,,
Elephant Mountain trailhead,,https://www.google.com/maps/place/Elephant+Mountain+trailhead/data=!4m2!3m1!1s0x3442ab3986d1736f:0x3a08c4ccdd8fb788,,
Kura Sushi Shibuya Ekimae,Cheap but really tasty,https://www.google.com/maps/place/Kura+Sushi+Shibuya+Ekimae/data=!4m2!3m1!1s0x60188d6d8068307b:0x83ee271f29a06e97,,
Katsukura Shijo Higashinotoin,Solid katsu,https://www.google.com/maps/place/Katsukura+Shijo+Higashinotoin/data=!4m2!3m1!1s0x6001089a10140001:0x1aef905e335a0f5a,,
Ramen Nagi - Shinjuku Golden-gai Honkan,Best ramen I've ever had,https://www.google.com/maps/place/Ramen+Nagi+-+Shinjuku+Golden-gai+Honkan/data=!4m2!3m1!1s0x60188cd9649e1203:0x8874927a180e8143,,
Marutake,Very good eggs,https://www.google.com/maps/place/Marutake/data=!4m2!3m1!1s0x60188bded74080a5:0x6f72e79e3249d040,,
Taj Mahal of India,,https://www.google.com/maps/place/Taj+Mahal+of+India/data=!4m2!3m1!1s0x80c2b969b79e9ecf:0x60a0005893645b0c,,
Sincerely Syria,This place slaps,https://www.google.com/maps/place/Sincerely+Syria/data=!4m2!3m1!1s0x80c2974372f6d059:0x3c2d2b9dd6f51fb8,,
Valerie's Taco Stand,Incredible surf and turf burrito,https://www.google.com/maps/place/Valerie's+Taco+Stand/data=!4m2!3m1!1s0x80dc718fd0ca5343:0x9638b9cb1e384ef7,,
Cypress Grove Trail,,https://www.google.com/maps/place/Cypress+Grove+Trail/data=!4m2!3m1!1s0x808de87c60fc778b:0x6a642bd86be81fa0,,
Sea Lion Point,Can confirm there are otters,https://www.google.com/maps/place/Sea+Lion+Point/data=!4m2!3m1!1s0x808de91229a3a59b:0x72fc1faf3448e227,,
Big Sur,,https://www.google.com/maps/place/Big+Sur/data=!4m2!3m1!1s0x808de8a7780e4d77:0x37e8d859caefac61,,
McWay Falls,,https://www.google.com/maps/place/McWay+Falls/data=!4m2!3m1!1s0x808d803496d56575:0x6668b96e4335c2f5,,
Upper Waikani Falls,3 bears is pretty,https://www.google.com/maps/place/Upper+Waikani+Falls/data=!4m2!3m1!1s0x7954b3619cbe544f:0x32c2c05bb3486a0c,,
Waimoku Falls,Katherin was right,https://www.google.com/maps/place/Waimoku+Falls/data=!4m2!3m1!1s0x7954b010161cda5f:0x1b7e0f157f749b8a,,
Pizzeria Sei,Pretty damn good pizza. Just expensive,https://www.google.com/maps/place/Pizzeria+Sei/data=!4m2!3m1!1s0x80c2b9cd103c3067:0x11c4df76c99c29e1,,
Storica Salumeria Zinzi,,https://www.google.com/maps/place/Storica+Salumeria+Zinzi/data=!4m2!3m1!1s0x133b0955daf99b23:0x6980e6e1c4a0d0b1,,
Valenti,Best gelato in Naples probably,https://www.google.com/maps/place/Valenti/data=!4m2!3m1!1s0x133b096caeb8b71d:0x114f86266fd032dd,,
All’Antico Vinaio,,https://www.google.com/maps/place/All%E2%80%99Antico+Vinaio/data=!4m2!3m1!1s0x132a5400b0e2527b:0x5bc2ab159f2707f6,,
Regina Bistecca,Best steak everrr,https://www.google.com/maps/place/Regina+Bistecca/data=!4m2!3m1!1s0x132a551b8648261f:0x4fd082a4747bf897,,
Osteria Santo Spirito,Fuck me it's so good. Best I've ever had,https://www.google.com/maps/place/Osteria+Santo+Spirito/data=!4m2!3m1!1s0x132a51548294764b:0x79d76fe9189fa4e3,,
Sofra Urbana,,https://www.google.com/maps/place/Sofra+Urbana/data=!4m2!3m1!1s0x80dd2702aa028081:0x8341ad1e47b2959c,,
Absolute Bagels,Solid bagel spot,https://www.google.com/maps/place/Absolute+Bagels/data=!4m2!3m1!1s0x89c2f63b33ef6d2d:0xc0c3585923a7de1a,,
Tompkins Square Bagels,These are solid. The bagels aren't shaped liked squares though,https://www.google.com/maps/place/Tompkins+Square+Bagels/data=!4m2!3m1!1s0x89c259762e26a813:0xf37426d261b7d2db,,
Gino e Toto Sorbillo,Fuck dude it's good pizza. Conan was right,https://www.google.com/maps/place/Gino+e+Toto+Sorbillo/data=!4m2!3m1!1s0x133b084248f325bb:0xbd02ed67d632a4e4,,
L'Antica Pizzeria da Michele,"Classic Neapolitan pizza. Big line tho. Is worth it, but pizza is good everywhere here.",https://www.google.com/maps/place/L'Antica+Pizzeria+da+Michele/data=!4m2!3m1!1s0x133b083f8db6b079:0x5ab2972d7365b642,,
Monsù,Ragu of my dreams,https://www.google.com/maps/place/Mons%C3%B9/data=!4m2!3m1!1s0x133b09d238d79e09:0xf4364332b30ae33e,,
Andrássy út,Cool vibes,https://www.google.com/maps/place/Andr%C3%A1ssy+%C3%BAt/data=!4m2!3m1!1s0x4741dc71e7152c31:0xfc2920f21ef9030b,,
Kata Restaurant (Gluten and Lactose Free),Best chicken paprikas ever,https://www.google.com/maps/place/Kata+Restaurant+(Gluten+and+Lactose+Free)/data=!4m2!3m1!1s0x4741ddf92bda67db:0x1b807ea59ded7312,,
Castle District,Castles and views yo,https://www.google.com/maps/place/Castle+District/data=!4m2!3m1!1s0x4741dc22706ec2b9:0x4980c2155e8aa1d2,,
Citadella,Great viewing area,https://www.google.com/maps/place/Citadella/data=!4m2!3m1!1s0x4741dc491e961c5b:0xe49186a2f42ccda9,,
Vyšehrad,A cool castle on a hill,https://www.google.com/maps/place/Vy%C5%A1ehrad/data=!4m2!3m1!1s0x470b94673d77dd09:0x4c9f4f645f532866,,
Prague Castle,Holy shit it's a gd castle,https://www.google.com/maps/place/Prague+Castle/data=!4m2!3m1!1s0x470b951e6c24b7c3:0x2acf3c88af12259f,,
Lennon Wall,Neato wall of graffiti,https://www.google.com/maps/place/Lennon+Wall/data=!4m2!3m1!1s0x470b94e388b5f8dd:0x47fac776113df4ff,,
Park Legií,Nutria are here,https://www.google.com/maps/place/Park+Legi%C3%AD/data=!4m2!3m1!1s0x470b9511ee83d5c1:0xf853512f00c6ea63,,
Old Town Square,Wowsers it looked amazing,https://www.google.com/maps/place/Old+Town+Square/data=!4m2!3m1!1s0x470b94e93451fa21:0x97ef2407c21e72c4,,
Prašná brána,Was pretty cool looking. Simp for arches,https://www.google.com/maps/place/Pra%C5%A1n%C3%A1+br%C3%A1na/data=!4m2!3m1!1s0x470b94eb050ff205:0x9349b85fec4613a6,,
Charles Bridge,Cool fucking bridges,https://www.google.com/maps/place/Charles+Bridge/data=!4m2!3m1!1s0x470b94e5e58eb59f:0x75209738d1d3b126,,
Dishoom Shoreditch,Some real good Indian food,https://www.google.com/maps/place/Dishoom+Shoreditch/data=!4m2!3m1!1s0x48761cba02358bc5:0xe77da8b93c776df8,,
210 Euston Rd.,Grail office,https://www.google.com/maps/place/210+Euston+Rd./data=!4m2!3m1!1s0x48761b261c63d7b5:0x635fa0eeeb36cf93,,
Lauterbrunnen,One of the most beautiful places I've ever been to ever. Waterfalls a plenty,https://www.google.com/maps/place/Lauterbrunnen/data=!4m2!3m1!1s0x478fa0073b1165c7:0x5392dbb55902c31,,
Skadarlija,Cool vibes for sure from Nemo,https://www.google.com/maps/place/Skadarlija/data=!4m2!3m1!1s0x475a7ab14fc4d309:0x105039db29e8e91b,,
Bay of Kotor,,https://www.google.com/maps/place/Bay+of+Kotor/data=!4m2!3m1!1s0x134c24ea7304ad47:0x179c23bc9eff7238,,
Russ & Daughters,That's a gooda bagel,https://www.google.com/maps/place/Russ+%26+Daughters/data=!4m2!3m1!1s0x89c259838d0451ed:0x28bb3770b1dd464b,,
India Sweets & Spices,All veg all good,https://www.google.com/maps/place/India+Sweets+%26+Spices/data=!4m2!3m1!1s0x80c29c3f70a3a9af:0x92f4eb3cb639f264,,
El Tepeyac Cafe,Great burrito,https://www.google.com/maps/place/El+Tepeyac+Cafe/data=!4m2!3m1!1s0x80c2c5fb245b1431:0xb67e316962f88614,,
Meals By Genet,Some really really good Ethiopian food,https://www.google.com/maps/place/Meals+By+Genet/data=!4m2!3m1!1s0x80c2b915c399d45b:0x1301187d5d5bc92,,
Holy Basil DTLA,Made the list for 2022 best restaurants and it was good. Had the gra pow with wagyu,https://www.google.com/maps/place/Holy+Basil+DTLA/data=!4m2!3m1!1s0x80c2c7b7ccd46d7b:0xb75e95f77a7e96ca,,
Chengdu Taste,,https://www.google.com/maps/place/Chengdu+Taste/data=!4m2!3m1!1s0x80c2c53efe62ec7d:0xb23351b18c4ef106,,
Ess-a-Bagel,My god. These were fantastic,https://www.google.com/maps/place/Ess-a-Bagel/data=!4m2!3m1!1s0x89c258e324502567:0x526c7b526bf4ab10,,
Burgerlords,Best veggie burger I've ever had,https://www.google.com/maps/place/Burgerlords/data=!4m2!3m1!1s0x80c2c57b6f2ff153:0xaebbea2413078421,,
Lalibela,Good stuff. Ethiopian food is always a vibe,https://www.google.com/maps/place/Lalibela/data=!4m2!3m1!1s0x80c2b915ef6e6843:0xa0faf7cd5446310f,,
Pequod's Pizza,Real good deep dish. Long wait though so call ahead,https://www.google.com/maps/place/Pequod's+Pizza/data=!4m2!3m1!1s0x880fd2e43edcab43:0xfa179f0b298abc4d,,
Central Park Volleyball Courts,,https://www.google.com/maps/place/Central+Park+Volleyball+Courts/data=!4m2!3m1!1s0x89c258f2582ddd75:0xbe3341ca1778495c,,
Brooklyn Bagel & Coffee Company,Wtf this was so good,https://www.google.com/maps/place/Brooklyn+Bagel+%26+Coffee+Company/data=!4m2!3m1!1s0x89c259ba8a7d5c79:0xe591378ef9a1e7c9,,
Central Park,,https://www.google.com/maps/place/Central+Park/data=!4m2!3m1!1s0x89c2589a018531e3:0xb9df1f7387a94119,,
El Corner del Taulat,Excellent fucking seafood paella,https://www.google.com/maps/place/El+Corner+del+Taulat/data=!4m2!3m1!1s0x12a4a344a3e85111:0x95fd3055e0008432,,
Avant Comptoir de la Terre,Omg what. Phoebe is a genius,https://www.google.com/maps/place/Avant+Comptoir+de+la+Terre/data=!4m2!3m1!1s0x47e6718fb0138c55:0xfd6b33d97bfbd784,,
Province of Como,,https://www.google.com/maps/place/Province+of+Como/data=!4m2!3m1!1s0x478423947f8118e7:0x30678022e667e30,,
Ba!Će,Incredible Mediterranean bbq,https://www.google.com/maps/place/Ba!%C4%86e/data=!4m2!3m1!1s0x13355dfec0834a41:0xda42de1e916a3ba2,,
KAVKAZ kazališna kavana,,https://www.google.com/maps/place/KAVKAZ+kazali%C5%A1na+kavana/data=!4m2!3m1!1s0x4765d6fb5afae061:0xa92066dd6e9e3310,,
Plitvice,,https://www.google.com/maps/place/Plitvice/data=!4m2!3m1!1s0x47615c2102ffeddb:0x95d4f60c19b8a78a,,
Great Waterfall,,https://www.google.com/maps/place/Great+Waterfall/data=!4m2!3m1!1s0x47615eb366fb356b:0x3dab4efa1b33bb04,,
Yellow Bar,,https://www.google.com/maps/place/Yellow+Bar/data=!4m2!3m1!1s0x132f61a06356cdad:0xb841297bb18a53bb,,
Amalfi Coast,,https://www.google.com/maps/place/Amalfi+Coast/data=!4m2!3m1!1s0x133b95adc34c71a1:0x4ce8cf14c94f4cdc,,
Positano,,https://www.google.com/maps/place/Positano/data=!4m2!3m1!1s0x133b9768a710d21b:0x8cde0b2863cede31,,
Trattoria Dall'Oste,Yo the truffles here are incredible,https://www.google.com/maps/place/Trattoria+Dall'Oste/data=!4m2!3m1!1s0x132a55998dc0939f:0x753516363d3e3f3c,,
Giolitti,,https://www.google.com/maps/place/Giolitti/data=!4m2!3m1!1s0x132f60519cfa737b:0x38610a40a28f8107,,
Cala la Pasta,,https://www.google.com/maps/place/Cala+la+Pasta/data=!4m2!3m1!1s0x133b09c973e534e1:0x14e4003cab78e377,,
Juana La Loca,,https://www.google.com/maps/place/Juana+La+Loca/data=!4m2!3m1!1s0xd4227d7c81df91d:0xb5b5dce8394aa14d,,
Casa Dani,This was so cheap and so good,https://www.google.com/maps/place/Casa+Dani/data=!4m2!3m1!1s0xd4228968e77f10b:0xd3392c5a957fa47e,,
Taberna El Sur,,https://www.google.com/maps/place/Taberna+El+Sur/data=!4m2!3m1!1s0xd42262a45893189:0x714e51ad654c3d4c,,
Luscious Dumplings,,https://www.google.com/maps/place/Luscious+Dumplings/data=!4m2!3m1!1s0x80c2d97d8176ed69:0xfc7b1fe49faec7da,,
Sunnin Lebanese Cafe,,https://www.google.com/maps/place/Sunnin+Lebanese+Cafe/data=!4m2!3m1!1s0x80c2bb82cd894537:0x1f2e93025137ba45,,
Sandy Dune,,https://www.google.com/maps/place/Sandy+Dune/data=!4m2!3m1!1s0x80e83f34f8496905:0x22196437aaf2b4bd,,
Pali Notches,,https://www.google.com/maps/place/Pali+Notches/data=!4m2!3m1!1s0x7c006b61b23bf8cd:0xd32f5d4f15f16987,,
Ahi Assassins Prep Shop for hookedonline.shop,,https://www.google.com/maps/place/Ahi+Assassins+Prep+Shop+for+hookedonline.shop/data=!4m2!3m1!1s0x7c006bd0a40e6b5b:0x66e623aeec8e4b24,,
Bulgogi Hut,,https://www.google.com/maps/place/Bulgogi+Hut/data=!4m2!3m1!1s0x80c2b8830c8a9799:0xb29b3a9fdd44094f,,
The SILVER LAKE HOUSE (by LEELA THAI),,https://www.google.com/maps/place/The+SILVER+LAKE+HOUSE+(by+LEELA+THAI)/data=!4m2!3m1!1s0x80c2c7363afbc37d:0x940dc1c65703fd2e,,
Taco Surf PB,,https://www.google.com/maps/place/Taco+Surf+PB/data=!4m2!3m1!1s0x80dc018d632673d1:0x1084755cff66bcbc,,
Brodard Restaurant,,https://www.google.com/maps/place/Brodard+Restaurant/data=!4m2!3m1!1s0x80dd27a7452db5d1:0x91d81ce25ba4f8f6,,
Dune,Really good wrap,https://www.google.com/maps/place/Dune/data=!4m2!3m1!1s0x80c2c0db1d5f27bd:0x67d409b2d8b85ebb,,
Lafayette Cemetery No. 2,,https://www.google.com/maps/place/Lafayette+Cemetery+No.+2/data=!4m2!3m1!1s0x8620a5cd67880cbf:0xa91262a5791d444a,,
Cafe Du Monde French Market,,https://www.google.com/maps/place/Cafe+Du+Monde+French+Market/data=!4m2!3m1!1s0x8620a5e09b473e4d:0xd68fe7e8e35b6f7,,
Gumbo Shop,Wowzers the food,https://www.google.com/maps/place/Gumbo+Shop/data=!4m2!3m1!1s0x8620a611e9502aed:0x12b0f5fecc3fe5b2,,
Burritos La Palma,These burritos were delicious,https://www.google.com/maps/place/Burritos+La+Palma/data=!4m2!3m1!1s0x80c2d9f0bc403bc7:0xe1da4e84d388aa50,,
Falafel Arax®,Loved the shawarma and loved the guy,https://www.google.com/maps/place/Falafel+Arax%C2%AE/data=!4m2!3m1!1s0x80c2b8aa698a2edf:0xfa05137431496bd1,,
Street Thai Cafe,Crazy good thai,https://www.google.com/maps/place/Street+Thai+Cafe/data=!4m2!3m1!1s0x80dd26693217f653:0xd04aee55856189c3,,
Tantalus Lookout - Puu Ualakaa State Park,,https://www.google.com/maps/place/Tantalus+Lookout+-+Puu+Ualakaa+State+Park/data=!4m2!3m1!1s0x7c006db013b8d9ef:0xc206ab217259706c,,
El Pueblo Mexican Food - Cardiff,,https://www.google.com/maps/place/El+Pueblo+Mexican+Food+-+Cardiff/data=!4m2!3m1!1s0x80dc0d0bbae3cdfb:0xa7bf9c9fb75ac2b0,,
Leo's Tacos Truck,,https://www.google.com/maps/place/Leo's+Tacos+Truck/data=!4m2!3m1!1s0x80c2c7be5c857575:0x34f628186f0ef29,,
Sonoratown,,https://www.google.com/maps/place/Sonoratown/data=!4m2!3m1!1s0x80c2c634ca2394e3:0x4533a5ab9644d154,,
Lao Xi'er Noodle House,Wife's Noodles was dope!,https://www.google.com/maps/place/Lao+Xi'er+Noodle+House/data=!4m2!3m1!1s0x80c2d989f82e6633:0x89675d79c349dffb,,
Crater Lake,,https://www.google.com/maps/place/Crater+Lake/data=!4m2!3m1!1s0x54c63e84c023ab41:0xbae1bf19c88b877a,,
Horseshoe Bend,,https://www.google.com/maps/place/Horseshoe+Bend/data=!4m2!3m1!1s0x87346c8d22566b09:0x45637089634f1702,,
Antelope Canyon,,https://www.google.com/maps/place/Antelope+Canyon/data=!4m2!3m1!1s0x873411f49ba00e0b:0x98361608ad6aa79b,,
SushiStop Sawtelle North,Salmon and lemon dude. It's the best,https://www.google.com/maps/place/SushiStop+Sawtelle+North/data=!4m2!3m1!1s0x80c2bb74df1eca73:0x50faaab51d3ddcc9,,
Lupe's Taco Shop,,https://www.google.com/maps/place/Lupe's+Taco+Shop/data=!4m2!3m1!1s0x80dd25fb87f939d7:0xd41cf292dd071e6c,,
Bay Cities Italian Deli & Bakery,,https://www.google.com/maps/place/Bay+Cities+Italian+Deli+%26+Bakery/data=!4m2!3m1!1s0x80c2a4cd75122057:0xef794b2444eedd6a,,
Off the Hook Poke Market,,https://www.google.com/maps/place/Off+the+Hook+Poke+Market/data=!4m2!3m1!1s0x7c006dc5eac453a1:0x2294b80579f15682,,
China Walls,,https://www.google.com/maps/place/China+Walls/data=!4m2!3m1!1s0x7c000d80573c2673:0x3491a2e9e7ab3771,,
Crouching Lion Hike,,https://www.google.com/maps/place/Crouching+Lion+Hike/data=!4m2!3m1!1s0x7c004407ecafccad:0xde79a21df49602c4,,
The Pig and The Lady,,https://www.google.com/maps/place/The+Pig+and+The+Lady/data=!4m2!3m1!1s0x7c006e738d38f87f:0x3c3a78b0a6ad02c7,,
Mermaid Caves,,https://www.google.com/maps/place/Mermaid+Caves/data=!4m2!3m1!1s0x7c00627f2cfbe7af:0xa557f5a3540afc4e,,
Holbox,,https://www.google.com/maps/place/Holbox/data=!4m2!3m1!1s0x80c2c80a8e7ecf31:0x30276566df8456bc,,
Itchy Butt,,https://www.google.com/maps/place/Itchy+Butt/data=!4m2!3m1!1s0x7c006de97cb86151:0x35156ae3cc988f28,,
Ethel's Grill,,https://www.google.com/maps/place/Ethel's+Grill/data=!4m2!3m1!1s0x7c006e5cd9411e7f:0x4f458cef3559f842,,
Hawaiian Crown Plantation,,https://www.google.com/maps/place/Hawaiian+Crown+Plantation/data=!4m2!3m1!1s0x7c0072764d653f01:0xae2bd68118f83ea3,,
Musubi Cafe IYASUME,,https://www.google.com/maps/place/Musubi+Cafe+IYASUME/data=!4m2!3m1!1s0x7c007276f8314f95:0x4bb749f7fe9ecf63,,
Maguro Spot,,https://www.google.com/maps/place/Maguro+Spot/data=!4m2!3m1!1s0x7c007277a8742d2d:0xc3ff78b0b7562720,,
Blue Hawaii Lifestyle,,https://www.google.com/maps/place/Blue+Hawaii+Lifestyle/data=!4m2!3m1!1s0x7c006df045a3622d:0x8a87d32dc1cad257,,
Yanagi Sushi,,https://www.google.com/maps/place/Yanagi+Sushi/data=!4m2!3m1!1s0x7c006de1823ce179:0x6b40181ed0595260,,
Taco Grill,,https://www.google.com/maps/place/Taco+Grill/data=!4m2!3m1!1s0x80dd2657c9d022f3:0x64052b9080711d23,,
Salt & Straw,,https://www.google.com/maps/place/Salt+%26+Straw/data=!4m2!3m1!1s0x80c2babf7607764b:0x8d119a68d0ede7ea,,
Joe's Pizza,,https://www.google.com/maps/place/Joe's+Pizza/data=!4m2!3m1!1s0x89c259924a960df1:0x43b20488619b3f43,,
Daikokuya,,https://www.google.com/maps/place/Daikokuya/data=!4m2!3m1!1s0x80c2bb0abe5eb73d:0xcb86fe517e713d5b,,
Salt & Straw,,https://www.google.com/maps/place/Salt+%26+Straw/data=!4m2!3m1!1s0x80c2b8c77a14d387:0x60bb529e7654289d,,
Salt & Straw,,https://www.google.com/maps/place/Salt+%26+Straw/data=!4m2!3m1!1s0x80c2bea58c8736ff:0x7e41f7354348d94c,,
Salt & Straw,,https://www.google.com/maps/place/Salt+%26+Straw/data=!4m2!3m1!1s0x80c2c639369fbcc7:0x1b60d389b63f6765,,
Mariscos Jalisco,,https://www.google.com/maps/place/Mariscos+Jalisco/data=!4m2!3m1!1s0x80c2c8b16c055ecb:0xbe1bda5a509624c9,,
Adana Restaurant,,https://www.google.com/maps/place/Adana+Restaurant/data=!4m2!3m1!1s0x80c2c000913a1fe3:0x43593a33cf66836e,,
Leo's Tacos Truck,,https://www.google.com/maps/place/Leo's+Tacos+Truck/data=!4m2!3m1!1s0x80c2b8fe187624bf:0x371a087d6b899d8b,,
Kopan Ramen,,https://www.google.com/maps/place/Kopan+Ramen/data=!4m2!3m1!1s0x80dcd5f78c12ae09:0x7d66dd23c37885a9,,
